c 175781331
r 175781331 10 -9 -42 86 8 -14 57 -33 28 -69 -3
m 543882136 175781331 175781331
r 175781331 7 18 86 25 74 95 94 -76
i 543882136 1 -72
u 298923473 543882136 543882136
n 717797869 298923473 298923473
e 175781331 35
c 407114470
r 175781331 6 14 -19 24 12 -61 -48
c 210149582
m 729641203 175781331 543882136
e 407114470 51
i 210149582 4 44 -50 90 93
n 908266758 729641203 298923473
m 190786372 210149582 543882136
m 80672796 407114470 175781331
n 78512721 407114470 543882136
u 847140664 543882136 210149582
r 298923473 4 -11 2 -86 -77
m 544778448 80672796 908266758
u 777350004 78512721 543882136
r 847140664 4 20 -58 -57 -25
e 777350004 -72
u 63873198 847140664 729641203
e 63873198 -50
c 35434104
r 777350004 3 -48 -45 -12
i 63873198 3 -91 73 70
n 278197648 35434104 298923473
u 43777041 278197648 407114470
r 543882136 7 64 100 45 46 -96 83 -49
n 250299150 43777041 729641203
c 138031792
r 847140664 8 56 73 -49 51 -5 -30 -44 53
r 175781331 5 -49 -1 54 59 49
p 175781331
i 138031792 5 -28 4 0 86 33
e 543882136 -80
p 43777041
m 33720106 777350004 210149582
p 908266758
e 33720106 -72
p 407114470
r 78512721 3 -11 93 53
e 63873198 44
m 104782131 729641203 250299150
i 543882136 1 -16
c 62659225
i 407114470 1 -3
c 439232929
u 953581499 190786372 777350004
r 210149582 8 59 71 -27 -86 45 16 -81 59
p 35434104
r 104782131 6 -85 -3 16 -23 70 58
i 80672796 1 -45
p 407114470
r 543882136 6 -44 28 16 23 60 29
e 407114470 -13
n 872159716 847140664 298923473
u 956697050 908266758 544778448
p 63873198
m 29777256 953581499 717797869
r 29777256 2 64 -26
r 298923473 9 71 63 12 14 -43 -17 93 3 -71
i 847140664 10 -66 24 -58 99 77 39 62 -52 -2 -50
m 389864469 78512721 956697050
c 677697533
e 80672796 -45
r 872159716 10 -31 68 2 -7 73 -80 -22 -99 57 -87
m 512570013 278197648 956697050
p 250299150
u 165518614 439232929 210149582
r 250299150 7 66 -31 -6 -34 -25 27 -7
u 199047022 298923473 729641203
p 250299150
i 777350004 2 62 64
i 389864469 4 71 49 -51 59
p 298923473
c 480778833
c 138665777
i 138665777 3 -98 -1 71
u 586449557 544778448 250299150
m 171718159 512570013 586449557
e 43777041 -54
r 104782131 1 -78
n 288223627 729641203 63873198
i 717797869 8 40 -68 2 -71 58 86 -80 -92
n 680154504 138031792 543882136
i 729641203 9 30 -32 93 98 -48 -85 -99 37 -89
p 298923473
n 44215505 847140664 29777256
p 138031792
c 758727308
u 300272886 512570013 29777256
i 250299150 5 89 75 64 75 -73
m 649263799 210149582 407114470
m 200024103 165518614 407114470
i 758727308 1 2
u 182948845 210149582 165518614
r 544778448 8 23 52 35 -8 46 55 47 47
p 439232929
c 667156574
r 62659225 2 -13 28
i 872159716 5 34 19 -3 83 -16
i 288223627 5 94 -44 81 -73 -48
u 208146834 300272886 175781331
m 742456628 171718159 171718159
m 98593735 62659225 182948845
r 165518614 7 -72 -25 23 -42 -8 -48 -38
e 200024103 -32
i 98593735 4 -38 35 -92 -21
r 439232929 8 3 0 -67 65 76 80 -50 -71
p 717797869
u 125561590 953581499 63873198
m 182255337 171718159 175781331
n 880435423 742456628 104782131
m 225330287 33720106 298923473
c 228583120
c 78201478
u 873925602 586449557 62659225
m 205457816 29777256 512570013
n 368794510 225330287 165518614
c 547458006
i 729641203 4 81 -25 94 98
u 683974709 407114470 250299150
i 78201478 7 10 79 53 50 -25 -97 35
m 29009490 544778448 729641203
i 29009490 2 34 79
p 439232929
r 547458006 8 -56 67 -42 18 72 72 -38 -40
p 138665777
c 616061120
i 389864469 5 39 -1 39 42 -62
p 190786372
n 971830946 125561590 389864469
c 151944683
n 366430393 298923473 847140664
i 439232929 10 -38 -5 47 -66 95 37 -11 -45 31 14
r 171718159 7 27 58 -55 53 42 6 94
c 485272090
n 48627728 165518614 680154504
r 677697533 5 -43 -16 -76 94 -12
n 108616837 35434104 225330287
i 208146834 1 -35
i 165518614 5 93 -33 86 -34 -35
e 971830946 44
m 747518665 182948845 138665777
c 128057051
p 98593735
p 78201478
r 485272090 9 -14 64 99 -4 -23 -61 -44 -89 -40
m 58035165 29777256 908266758
c 906128170
e 128057051 -48
m 539035967 300272886 62659225
e 586449557 2
c 473579475
n 952937018 758727308 225330287
c 16211462
r 208146834 10 -56 61 24 5 -32 32 -95 34 -5 21
e 485272090 -67
n 162358973 971830946 80672796
e 677697533 -36
i 80672796 10 74 -78 29 -64 -78 11 -83 83 -71 59
n 727621899 298923473 906128170
i 389864469 8 -21 -26 -8 16 28 68 -1 38
i 62659225 1 -9
r 847140664 8 -34 -55 81 -11 42 62 -49 8
e 366430393 -72
c 429453832
p 729641203
r 429453832 8 -67 50 0 91 -65 -62 97 78
r 225330287 6 -97 -15 -71 -36 16 -71
u 303387258 512570013 512570013
i 162358973 8 71 75 -94 27 44 -28 -20 -99
n 575888651 175781331 104782131
r 368794510 2 -99 -6
r 616061120 1 61
n 23037320 429453832 78512721
n 181122172 758727308 80672796
n 763792116 33720106 298923473
u 818341964 288223627 407114470
n 102360432 181122172 63873198
m 224020323 485272090 906128170
i 44215505 4 -25 -70 -1 -90
m 84571391 205457816 480778833
m 965840506 544778448 544778448
i 667156574 10 38 71 -91 97 50 -45 -20 -67 -68 45
i 777350004 6 -9 -71 5 19 -78 67
c 363133010
n 211810498 43777041 544778448
c 719278365
r 35434104 6 51 72 72 54 95 40
e 175781331 25
u 952607913 102360432 104782131
r 429453832 6 42 50 30 40 31 -60
c 105329151
r 102360432 9 -49 8 -23 -86 47 -98 -47 89 46
n 96412030 29009490 873925602
u 303087392 205457816 953581499
n 58763172 543882136 78512721
u 645671561 98593735 298923473
p 108616837
i 649263799 9 -71 -34 81 49 -39 23 -15 0 -99
p 965840506
c 450929622
u 354709799 228583120 763792116
c 765620762
i 228583120 8 25 -6 -2 74 -55 22 -83 98
i 62659225 8 -43 73 -86 -76 15 30 -30 -67
c 844284022
e 165518614 -24
i 758727308 10 -81 46 -63 -20 -14 29 -82 17 9 -84
m 680397708 680154504 645671561
m 826414663 58763172 758727308
p 182255337
n 823276737 35434104 366430393
r 758727308 4 51 62 30 -62
c 789572403
p 450929622
r 727621899 3 -24 -38 -39
p 677697533
m 12549857 102360432 747518665
m 134326982 717797869 225330287
c 165839650
p 965840506
n 526261948 138031792 182255337
r 29009490 5 32 55 -58 -18 -36
e 165839650 92
n 88391404 211810498 747518665
u 602512567 210149582 765620762
p 181122172
p 971830946
n 609474840 63873198 758727308
e 190786372 56
p 526261948
u 195895850 35434104 181122172
i 473579475 6 58 -62 -4 8 -9 -48
p 250299150
m 508790136 543882136 171718159
m 145135406 199047022 84571391
r 12549857 6 10 -39 22 10 -14 37
n 404896632 956697050 145135406
m 242659940 190786372 250299150
i 354709799 3 100 97 84
p 645671561
c 270726094
n 96793987 765620762 727621899
u 525540564 667156574 667156574
i 165839650 8 86 -27 -1 61 -9 -97 43 -62
r 677697533 7 75 -57 -54 38 -63 -29 44
p 250299150
m 294164224 508790136 450929622
m 315819299 58763172 303087392
e 485272090 -73
p 211810498
u 505522764 818341964 58035165
i 151944683 4 -25 4 100 31
m 115593374 407114470 278197648
c 809428532
e 971830946 -42
i 965840506 2 -81 -17
n 161154940 763792116 439232929
r 303087392 10 -57 64 20 24 85 40 10 -95 -49 60
e 151944683 31
i 33720106 8 -17 -86 -15 -100 -95 3 8 63
e 508790136 94
i 200024103 6 0 44 -28 -92 -71 1
r 44215505 2 22 -20
p 809428532
r 171718159 1 5
i 315819299 3 -88 2 73
r 43777041 1 10
u 105329151 826414663 210149582
u 616061120 162358973 78201478
r 965840506 4 73 -86 69 94
i 543882136 5 -13 84 -84 98 48
u 616061120 717797869 505522764
c 294164224
r 288223627 4 20 44 52 6
n 823276737 182948845 872159716
n 182948845 480778833 717797869
i 826414663 2 -59 -45
i 300272886 5 -93 -54 75 -81 71
p 847140664
m 138665777 873925602 48627728
c 953581499
r 765620762 2 2 68
c 138665777
n 278197648 727621899 195895850
p 128057051
r 228583120 4 43 -97 26 -63
n 547458006 844284022 182948845
c 128057051
c 78201478
i 228583120 4 -66 16 -35 -24
m 404896632 508790136 971830946
m 78201478 29777256 680154504
n 165839650 485272090 480778833
u 366430393 80672796 138665777
r 645671561 4 87 33 -13 -56
c 439232929
e 62659225 39
m 78512721 29777256 125561590
i 906128170 6 11 34 -98 22 13 45
e 965840506 49
p 205457816
i 389864469 4 0 -21 -83 97
m 525540564 190786372 96412030
u 539035967 161154940 128057051
p 225330287
e 44215505 -71
r 823276737 6 81 99 -30 -44 -88 24
e 161154940 58
c 826414663
e 102360432 77
u 908266758 205457816 303387258
r 575888651 3 -28 70 32
c 366430393
c 480778833
u 33720106 175781331 765620762
e 547458006 19
i 525540564 9 -70 -14 -37 24 56 37 94 -9 -58
e 363133010 61
i 389864469 9 -96 -99 -46 40 -58 -75 0 -60 71
u 717797869 151944683 429453832
p 616061120
c 104782131
m 844284022 953581499 952937018
m 765620762 389864469 138031792
m 512570013 62659225 758727308
n 965840506 742456628 847140664
c 953581499
r 473579475 6 -46 1 20 -54 -56 55
m 210149582 98593735 480778833
i 575888651 8 -39 -15 60 99 -27 100 97 32
n 363133010 190786372 952937018
u 616061120 717797869 873925602
m 389864469 96412030 242659940
e 363133010 21
r 450929622 8 -82 10 -53 61 -72 -64 11 26
p 952607913
i 789572403 8 -100 -47 12 27 -89 32 20 37
c 33720106
u 294164224 80672796 354709799
e 181122172 83
n 108616837 677697533 43777041
n 826414663 847140664 368794510
m 181122172 44215505 199047022
n 96793987 145135406 354709799
r 512570013 4 70 -80 8 96
r 956697050 2 21 -1
c 151944683
p 48627728
p 175781331
r 224020323 6 25 66 89 -4 -11 -83
p 200024103
e 138665777 -3
c 208146834
n 315819299 543882136 58035165
u 777350004 62659225 108616837
i 727621899 5 -39 7 45 60 27
n 727621899 677697533 161154940
r 952607913 8 -7 -84 -31 7 -39 -24 -88 30
c 270726094
n 952607913 138665777 872159716
c 228583120
r 270726094 3 9 96 -85
p 250299150
r 508790136 9 -14 -62 100 81 83 86 79 -2 -3
p 161154940
e 62659225 15
m 151944683 873925602 680397708
c 873925602
p 105329151
i 102360432 1 67
n 525540564 677697533 278197648
e 16211462 0
u 43777041 115593374 58763172
e 952937018 23
r 389864469 6 71 90 -40 83 56 67
n 473579475 63873198 747518665
p 543882136
n 508790136 525540564 505522764
i 818341964 10 -79 42 -89 48 51 -47 -71 -64 99 -27
r 956697050 7 -70 43 82 74 -71 93 92
e 80672796 -58
c 138031792
u 205457816 645671561 270726094
p 270726094
u 151944683 354709799 354709799
p 575888651
e 58035165 93
c 165518614
n 205457816 162358973 404896632
c 407114470
u 182255337 389864469 742456628
m 823276737 809428532 29009490
p 48627728
p 953581499
c 952607913
e 225330287 55
e 58035165 38
e 609474840 -79
i 12549857 1 80
c 161154940
n 294164224 151944683 35434104
p 208146834
c 300272886
i 58035165 8 74 -45 -13 -14 98 -37 63 71
m 727621899 575888651 543882136
r 162358973 10 -8 76 -70 3 -29 94 -81 38 -52 -2
p 205457816
m 58763172 80672796 480778833
n 952607913 211810498 63873198
i 354709799 2 53 31
u 80672796 134326982 366430393
m 368794510 485272090 908266758
c 96793987
u 200024103 165839650 278197648
p 526261948
m 44215505 242659940 242659940
n 609474840 508790136 677697533
p 29777256
e 43777041 -3
p 12549857
n 363133010 539035967 953581499
u 826414663 12549857 125561590
p 763792116
e 165839650 48
p 485272090
p 175781331
i 789572403 1 -68
m 228583120 288223627 171718159
n 23037320 680397708 134326982
p 847140664
c 78201478
n 763792116 826414663 138031792
c 125561590
r 29777256 5 46 69 -96 -53 66
m 208146834 224020323 134326982
u 956697050 145135406 539035967
c 512570013
r 182255337 5 -55 88 -63 -25 94
p 165839650
p 363133010
p 543882136
r 195895850 1 91
u 298923473 971830946 450929622
r 823276737 5 56 -57 -44 17 18
c 512570013
m 677697533 98593735 880435423
u 108616837 35434104 151944683
e 44215505 -91
n 182948845 389864469 78512721
r 844284022 6 12 41 9 98 23 27
e 105329151 58
c 512570013
r 16211462 3 91 49 -36
c 63873198
r 300272886 4 76 -54 -46 -36
n 765620762 138665777 80672796
c 108616837
m 473579475 429453832 138665777
c 407114470
e 175781331 -14
c 211810498
e 649263799 -34
u 125561590 195895850 162358973
c 965840506
e 525540564 69
i 278197648 5 31 100 6 -57 57
p 547458006
p 33720106
r 175781331 8 -91 66 57 -35 16 -59 -89 48
m 16211462 747518665 956697050
r 667156574 9 1 7 -41 -6 -27 23 -18 100 92
u 952607913 102360432 303087392
i 649263799 3 -56 8 26
i 200024103 4 22 -39 -65 51
u 763792116 102360432 368794510
c 16211462
u 602512567 165839650 952937018
n 80672796 717797869 96412030
m 228583120 104782131 300272886
p 211810498
c 225330287
m 12549857 134326982 758727308
e 200024103 51
e 677697533 -21
m 315819299 300272886 88391404
e 125561590 75
r 161154940 9 30 -57 -100 -45 -85 22 -59 -65 24
c 575888651
e 171718159 -38
n 544778448 88391404 609474840
n 952607913 727621899 407114470
e 98593735 35
r 16211462 2 -74 -23
m 602512567 294164224 62659225
n 128057051 300272886 480778833
n 205457816 480778833 366430393
r 956697050 1 -17
i 210149582 9 -38 -25 77 61 98 -47 -88 75 -31
e 789572403 27
e 649263799 -31
p 33720106
m 78512721 200024103 208146834
i 544778448 4 -46 43 -90 -75
n 294164224 505522764 602512567
m 162358973 288223627 298923473
p 368794510
m 125561590 823276737 609474840
m 84571391 429453832 78512721
p 873925602
p 485272090
m 512570013 228583120 182948845
n 151944683 300272886 62659225
m 294164224 952937018 680397708
p 78201478
p 404896632
u 965840506 48627728 162358973
p 645671561
m 303087392 208146834 210149582
m 717797869 205457816 162358973
e 765620762 -31
n 288223627 727621899 747518665
e 96412030 -94
c 526261948
u 210149582 758727308 44215505
r 683974709 5 20 4 -71 88 -100
c 908266758
c 228583120
p 195895850
e 62659225 -11
m 104782131 58763172 729641203
e 777350004 -9
m 505522764 906128170 315819299
c 29777256
e 182255337 -49
r 250299150 7 -60 -59 -13 -46 -20 -60 30
c 80672796
m 971830946 125561590 43777041
c 680154504
c 288223627
m 105329151 182948845 80672796
r 404896632 3 -37 63 -19
p 525540564
n 294164224 616061120 366430393
m 303387258 48627728 680154504
r 677697533 5 -89 -71 -45 93 63
p 182255337
c 872159716
p 115593374
m 389864469 78512721 512570013
r 63873198 8 14 55 97 17 -15 23 2 -47
u 680397708 742456628 525540564
e 758727308 15
u 729641203 473579475 971830946
c 789572403
m 480778833 29009490 575888651
e 485272090 68
r 368794510 1 47
p 128057051
m 952937018 539035967 303387258
u 182948845 108616837 667156574
n 450929622 33720106 823276737
r 128057051 10 16 46 -75 -80 70 80 -61 26 -84 78
c 134326982
m 210149582 288223627 63873198
n 210149582 303387258 575888651
e 473579475 -2
u 62659225 44215505 288223627
m 29009490 48627728 908266758
u 539035967 789572403 288223627
p 727621899
p 115593374
i 48627728 6 -32 64 -88 31 -92 -96
u 758727308 906128170 727621899
c 182255337
u 906128170 404896632 250299150
i 873925602 1 22
u 505522764 96412030 35434104
i 224020323 10 32 -92 -21 -49 77 -96 -66 -4 80 42
c 134326982
i 826414663 10 64 -94 96 -75 19 94 -2 81 74 55
r 58763172 1 -20
i 404896632 9 19 82 21 29 84 47 70 50 14
p 63873198
m 303387258 971830946 35434104
n 115593374 205457816 210149582
c 450929622
e 98593735 5
i 407114470 1 10
i 195895850 8 -10 78 17 -43 36 -46 -37 61
i 105329151 10 -69 90 57 32 -5 89 -33 -44 37 -29
p 98593735
m 84571391 165518614 58763172
e 439232929 -13
r 16211462 8 57 -39 -62 -79 -63 -17 -82 49
m 645671561 485272090 125561590
i 23037320 8 94 46 23 -79 64 13 90 41
n 138031792 315819299 182948845
p 145135406
i 62659225 7 -47 66 -13 13 4 -93 45
u 473579475 880435423 602512567
e 826414663 -78
i 80672796 9 56 -98 -79 3 21 -21 42 -11 -64
n 211810498 368794510 667156574
n 62659225 872159716 162358973
i 826414663 10 -17 -27 65 55 -80 77 -28 48 -23 -17
u 288223627 729641203 78512721
e 526261948 -62
p 125561590
c 16211462
i 763792116 2 -29 32
p 62659225
c 363133010
e 368794510 34
n 300272886 729641203 288223627
p 677697533
c 429453832
p 547458006
m 62659225 667156574 363133010
e 200024103 78
m 62659225 199047022 649263799
r 108616837 10 72 45 22 42 35 45 -10 -82 -98 -21
e 80672796 -9
m 389864469 742456628 508790136
n 181122172 12549857 151944683
r 952607913 7 -4 -56 -86 -23 -56 51 19
p 165518614
r 200024103 6 66 45 34 -18 -65 -33
p 225330287
u 303387258 44215505 645671561
p 971830946
p 719278365
i 278197648 6 -33 0 -73 -1 -49 -22
p 363133010
r 105329151 10 -61 68 60 -20 -71 64 61 32 -36 -63
c 182948845
r 12549857 8 -47 -67 -96 -40 48 -14 -71 -37
u 195895850 404896632 844284022
c 125561590
r 847140664 3 31 -97 49
n 171718159 680397708 104782131
m 645671561 145135406 586449557
r 908266758 6 -22 -56 -13 -38 -80 -97
i 278197648 3 14 -9 -10
n 873925602 609474840 303387258
e 389864469 -69
r 104782131 7 83 -41 64 98 -8 -67 -71
c 23037320
i 151944683 2 85 79
p 104782131
i 199047022 10 -4 71 -36 -76 40 -18 91 80 61 2
n 354709799 645671561 953581499
u 80672796 278197648 649263799
i 439232929 10 7 -79 50 68 97 48 -56 -39 72 90
u 543882136 847140664 777350004
r 288223627 9 50 -44 69 6 -5 -93 41 -70 29
p 872159716
n 16211462 544778448 952937018
p 29009490
u 43777041 717797869 288223627
i 602512567 3 -94 37 63
m 224020323 906128170 429453832
p 300272886
m 250299150 96412030 473579475
m 145135406 190786372 16211462
m 758727308 649263799 586449557
m 683974709 205457816 717797869
p 473579475
i 953581499 1 43
m 965840506 429453832 161154940
n 298923473 544778448 439232929
i 429453832 6 -18 48 -83 18 45 -33
e 190786372 90
n 363133010 586449557 98593735
n 683974709 303387258 29777256
m 88391404 586449557 363133010
i 450929622 3 -91 1 -85
r 181122172 8 83 -9 71 -46 -32 63 28 -83
m 952937018 645671561 200024103
m 717797869 543882136 539035967
u 609474840 526261948 508790136
m 789572403 96793987 205457816
p 294164224
u 225330287 98593735 823276737
e 680397708 -65
m 105329151 78201478 16211462
u 211810498 609474840 727621899
m 182948845 680397708 181122172
m 270726094 108616837 609474840
c 789572403
n 288223627 547458006 429453832
r 16211462 5 -96 -75 48 -97 94
p 35434104
c 526261948
r 965840506 8 78 64 -76 73 42 58 15 20
e 880435423 -16
n 182948845 190786372 294164224
n 225330287 300272886 105329151
m 210149582 404896632 151944683
r 225330287 6 43 95 80 -11 51 -44
m 480778833 742456628 63873198
n 508790136 225330287 818341964
p 128057051
p 649263799
m 526261948 44215505 108616837
r 181122172 8 -57 -41 -88 11 -48 33 17 -51
e 480778833 -80
p 35434104
p 104782131
i 505522764 3 -24 -42 -6
i 303387258 2 44 -64
i 847140664 5 -77 -9 -17 61 36
e 225330287 -28
e 727621899 -42
i 125561590 6 -61 -35 -76 -39 -7 -49
i 190786372 4 -18 10 -56 61
p 667156574
p 809428532
r 354709799 5 86 -54 12 -20 83
m 161154940 288223627 763792116
m 80672796 315819299 315819299
r 480778833 9 -20 3 48 12 83 0 -21 75 96
r 298923473 1 77
u 303087392 98593735 547458006
i 727621899 8 -53 0 -98 -8 42 3 20 34
c 128057051
r 88391404 9 -87 -92 54 55 -31 11 22 -49 7
i 765620762 5 -19 -80 33 -93 -63
c 667156574
e 228583120 38
c 138031792
c 389864469
r 873925602 6 -61 79 27 99 95 44
c 200024103
m 747518665 35434104 270726094
n 729641203 161154940 952607913
n 765620762 96793987 872159716
e 228583120 -38
n 171718159 63873198 616061120
c 182255337
m 96793987 826414663 35434104
e 971830946 73
r 512570013 4 -27 64 49 19
c 96793987
u 872159716 505522764 29009490
c 609474840
m 138031792 182255337 480778833
e 44215505 -66
p 906128170
n 134326982 162358973 298923473
m 777350004 294164224 485272090
p 680397708
c 680397708
r 278197648 1 23
p 906128170
c 609474840
p 78201478
e 616061120 -25
m 23037320 195895850 125561590
i 956697050 8 -24 -88 -9 18 -34 72 27 -26
m 288223627 956697050 270726094
p 23037320
i 758727308 8 45 -88 -22 -52 82 65 -5 58
e 250299150 1
c 102360432
u 389864469 88391404 505522764
m 29009490 181122172 62659225
p 602512567
u 953581499 96412030 182255337
i 609474840 10 43 63 -52 -65 78 -22 33 -85 -60 63
c 145135406
r 161154940 10 64 21 -1 43 -26 69 -72 -88 -5 -53
u 125561590 128057051 505522764
e 873925602 -52
u 182948845 29777256 765620762
n 224020323 763792116 586449557
m 547458006 473579475 228583120
n 294164224 765620762 389864469
u 758727308 78512721 952607913
e 270726094 -76
p 210149582
i 23037320 8 -63 20 25 77 2 3 87 -57
e 298923473 73
c 404896632
i 404896632 6 71 -72 -96 -29 72 -81
e 228583120 -63
c 525540564
u 354709799 727621899 224020323
i 586449557 9 42 73 -30 -94 -91 60 81 -7 12
u 439232929 208146834 182255337
u 205457816 450929622 547458006
p 742456628
m 128057051 205457816 616061120
i 250299150 3 -38 84 76
u 134326982 102360432 250299150
m 847140664 105329151 952937018
e 505522764 -24
r 161154940 9 -71 34 -44 -33 -47 -70 28 31 33
p 298923473
i 480778833 6 37 86 83 -6 94 -85
r 43777041 7 -72 72 35 91 41 -99 -91
r 44215505 1 -51
u 48627728 43777041 354709799
m 609474840 953581499 758727308
c 190786372
p 758727308
u 225330287 182948845 602512567
p 200024103
c 161154940
i 162358973 1 29
n 526261948 128057051 242659940
m 450929622 298923473 105329151
m 586449557 145135406 138031792
u 294164224 543882136 473579475
c 429453832
c 48627728
c 16211462
e 354709799 -27
p 677697533
r 29777256 5 74 -84 2 -31 36
m 58035165 165839650 211810498
m 847140664 84571391 294164224
e 971830946 94
n 758727308 250299150 965840506
u 971830946 683974709 544778448
m 847140664 195895850 525540564
c 908266758
m 366430393 205457816 104782131
m 104782131 547458006 105329151
c 78201478
i 742456628 1 -19
p 171718159
e 12549857 -90
m 165518614 44215505 63873198
m 151944683 763792116 366430393
i 228583120 6 70 -26 58 48 -11 -14
m 115593374 128057051 96412030
r 719278365 4 -35 48 -19 -68
p 298923473
m 763792116 758727308 965840506
c 789572403
r 96412030 4 -92 21 -48 16
p 12549857
u 575888651 105329151 818341964
p 29009490
e 205457816 -91
c 58035165
r 195895850 2 -26 -30
i 145135406 4 -70 -95 -59 -57
m 649263799 485272090 58763172
n 225330287 303387258 171718159
m 300272886 63873198 389864469
m 288223627 539035967 404896632
n 908266758 298923473 505522764
p 872159716
n 758727308 134326982 680154504
u 62659225 649263799 12549857
i 667156574 8 -38 -60 86 -95 75 43 -79 95
e 818341964 77
n 873925602 505522764 953581499
c 211810498
c 389864469
e 62659225 -68
r 429453832 10 -33 26 49 -2 48 73 -100 81 41 70
m 368794510 363133010 363133010
m 847140664 680397708 727621899
n 366430393 952607913 539035967
n 96793987 96412030 224020323
n 138665777 182255337 171718159
e 777350004 14
i 102360432 2 -41 88
n 473579475 789572403 161154940
i 439232929 2 36 5
i 645671561 2 50 57
r 809428532 9 9 -4 -30 -53 76 -100 -100 -56 72
i 80672796 10 -8 77 17 63 -33 51 -51 68 -65 -1
e 242659940 -60
r 389864469 1 41
i 181122172 8 -74 -67 33 87 -96 36 -86 -72
e 29009490 34
i 162358973 6 39 -93 -72 97 -61 -88
m 649263799 134326982 429453832
u 649263799 43777041 104782131
r 44215505 2 83 -41
c 719278365
i 23037320 3 56 84 57
i 847140664 9 -73 33 59 -67 61 -90 -12 -27 91
m 288223627 485272090 952607913
i 525540564 5 -42 -48 82 7 -50
u 190786372 758727308 182255337
r 908266758 8 62 45 17 -89 81 -67 20 -92
e 956697050 -55
r 58763172 6 54 -47 99 -51 -95 65
e 88391404 25
p 58035165
i 225330287 3 26 -40 -97
i 763792116 5 -89 -80 -90 46 80
c 134326982
u 680154504 105329151 303087392
c 250299150
r 175781331 2 71 69
p 526261948
r 78201478 4 -51 50 -1 47
m 777350004 526261948 98593735
m 965840506 823276737 727621899
r 539035967 1 5
m 270726094 165839650 303087392
n 952607913 58763172 586449557
c 162358973
m 288223627 826414663 439232929
u 645671561 539035967 88391404
m 182948845 298923473 225330287
m 98593735 115593374 108616837
m 108616837 906128170 616061120
m 908266758 680154504 162358973
i 616061120 6 34 -33 61 97 -86 91
m 544778448 971830946 224020323
r 809428532 5 -40 -59 71 86 -11
m 366430393 450929622 956697050
i 151944683 9 -69 37 -91 61 -48 12 -88 26 46
i 165839650 5 2 63 69 77 -87
m 539035967 145135406 105329151
n 789572403 16211462 818341964
m 128057051 473579475 404896632
u 78201478 847140664 439232929
p 872159716
u 228583120 473579475 102360432
r 161154940 8 87 -11 -37 -57 -16 78 66 26
p 480778833
n 35434104 485272090 952937018
m 717797869 84571391 485272090
e 649263799 -87
e 88391404 -46
i 23037320 1 -8
e 294164224 90
i 547458006 2 21 -69
m 199047022 809428532 742456628
n 818341964 508790136 96793987
e 200024103 -93
c 526261948
n 125561590 165839650 742456628
m 211810498 16211462 161154940
i 439232929 7 -41 -79 -53 56 45 77 -80
i 952937018 6 55 80 -54 40 89 -72
c 138665777
u 872159716 242659940 363133010
c 880435423
c 450929622
r 210149582 3 -37 -32 73
n 908266758 182948845 407114470
n 182255337 880435423 224020323
c 429453832
m 208146834 225330287 205457816
i 205457816 3 -82 73 31
c 102360432
u 526261948 171718159 680397708
m 162358973 680397708 165518614
c 844284022
n 450929622 151944683 602512567
i 199047022 3 25 13 24
c 719278365
c 729641203
n 717797869 303087392 96412030
n 108616837 544778448 48627728
p 429453832
u 175781331 134326982 844284022
u 823276737 16211462 727621899
i 138665777 2 29 -78
e 547458006 -69
m 44215505 78512721 473579475
c 872159716
c 777350004
r 78201478 8 -14 -1 7 -34 -2 74 -40 81
p 225330287
i 161154940 1 13
n 98593735 354709799 512570013
e 727621899 11
r 508790136 4 -64 -53 -94 -17
c 182948845
r 847140664 1 93
e 667156574 97
c 826414663
n 228583120 508790136 363133010
r 182255337 2 -2 89
i 485272090 5 10 -81 -27 -50 -49
p 315819299
m 44215505 873925602 84571391
u 407114470 115593374 138665777
p 439232929
u 108616837 680397708 242659940
c 818341964
i 288223627 4 -72 -71 32 31
r 677697533 3 -36 -98 -31
c 389864469
e 12549857 -29
m 303387258 683974709 777350004
p 98593735
u 288223627 29777256 315819299
c 677697533
r 809428532 9 -19 79 19 90 16 2 -62 -3 26
m 96793987 763792116 78201478
e 250299150 39
p 104782131
i 649263799 9 -47 52 82 -93 61 -89 16 -49 15
i 429453832 8 16 -71 64 0 59 -36 75 -58
n 199047022 404896632 680397708
c 182948845
e 33720106 69
i 908266758 9 -5 72 -85 32 5 64 60 -29 49
p 104782131
r 43777041 9 52 38 21 -89 -55 6 27 82 79
n 880435423 505522764 429453832
u 48627728 677697533 439232929
u 404896632 29009490 952937018
u 953581499 78201478 505522764
u 677697533 512570013 543882136
i 953581499 4 -66 85 9 -62
r 677697533 6 -50 -65 40 27 90 -46
n 171718159 29777256 547458006
r 29009490 9 67 91 93 -60 45 -19 45 -69 -10
n 763792116 162358973 368794510
n 102360432 165518614 971830946
m 965840506 906128170 125561590
u 44215505 16211462 512570013
r 404896632 8 -18 -24 7 91 -70 -87 -10 -58
i 96793987 9 -78 13 86 -11 -74 -59 -33 -35 -19
p 544778448
n 363133010 35434104 33720106
m 138665777 543882136 818341964
p 29009490
e 512570013 -29
c 354709799
r 645671561 2 82 71
i 181122172 4 -89 -20 -51 -76
e 195895850 -16
i 602512567 7 -74 14 64 72 35 -49 -92
u 747518665 224020323 62659225
c 717797869
r 182255337 2 -39 -76
i 98593735 2 78 81
r 151944683 7 7 90 3 -36 -68 27 -79
n 58035165 525540564 210149582
c 450929622
u 98593735 742456628 742456628
n 547458006 777350004 439232929
m 182948845 200024103 225330287
u 450929622 96793987 78512721
p 199047022
i 128057051 2 86 -17
e 151944683 -3
p 165518614
c 609474840
n 873925602 210149582 683974709
i 278197648 10 -8 -55 -90 53 -91 67 -9 -95 -17 88
c 175781331
m 165839650 48627728 300272886
u 473579475 96793987 278197648
i 777350004 10 -38 44 -15 -7 32 -100 90 -87 -69 -73
p 190786372
m 952607913 680397708 844284022
i 407114470 1 32
p 602512567
u 300272886 965840506 404896632
i 667156574 5 43 25 78 24 0
c 526261948
c 151944683
m 971830946 742456628 44215505
r 645671561 3 -80 62 98
i 288223627 6 62 42 -28 65 21 -65
e 224020323 21
u 115593374 763792116 303387258
c 300272886
u 162358973 809428532 303087392
n 747518665 952607913 906128170
i 182948845 6 62 -29 -9 -69 -42 83
p 677697533
r 145135406 5 -4 -1 1 -91 -71
r 62659225 4 96 60 -17 20
i 62659225 9 74 30 -46 -69 -65 55 -94 48 -23
p 952937018
n 407114470 544778448 208146834
i 175781331 7 11 31 -81 96 -49 82 10
p 80672796
p 44215505
r 33720106 4 5 63 75 7
e 544778448 79
r 965840506 10 3 98 -25 7 79 -90 72 -48 23 60
u 473579475 29777256 526261948
r 145135406 4 -48 56 -91 47
i 683974709 10 -15 41 -49 59 -90 -52 -43 29 99 -48
e 181122172 86
r 366430393 6 95 -5 7 90 51 -83
m 826414663 161154940 602512567
p 823276737
c 880435423
n 439232929 908266758 485272090
e 16211462 -2
p 908266758
p 880435423
c 844284022
r 23037320 7 -5 36 -24 -44 82 -89 32
u 680397708 586449557 473579475
m 429453832 138031792 16211462
e 667156574 -95
u 195895850 58035165 128057051
i 23037320 1 41
e 525540564 7
i 182948845 1 -100
m 315819299 171718159 512570013
r 225330287 2 -58 -21
m 58035165 190786372 29777256
p 298923473
p 102360432
c 44215505
r 586449557 2 1 80
e 210149582 67
r 205457816 5 -5 -86 21 33 -9
u 181122172 162358973 58035165
n 43777041 315819299 225330287
p 29009490
c 872159716
p 16211462
i 473579475 8 -54 -6 -22 -45 -56 -47 -85 -68
e 138031792 -2
u 677697533 134326982 171718159
p 908266758
p 729641203
p 115593374
u 29009490 965840506 16211462
n 809428532 12549857 575888651
c 965840506
p 717797869
c 315819299
n 872159716 195895850 43777041
p 115593374
i 609474840 4 49 -42 -2 -2
e 224020323 54
n 165518614 971830946 134326982
m 539035967 125561590 354709799
e 165518614 44
c 44215505
m 175781331 719278365 228583120
r 88391404 1 68
m 609474840 354709799 224020323
m 44215505 125561590 956697050
m 315819299 242659940 58035165
e 965840506 88
r 35434104 1 69
r 826414663 9 24 -86 -7 -71 -53 -63 73 91 30
c 161154940
m 171718159 210149582 872159716
n 616061120 228583120 809428532
p 667156574
c 200024103
e 12549857 58
p 23037320
m 128057051 270726094 680154504
c 88391404
u 80672796 165839650 763792116
m 78512721 298923473 125561590
p 747518665
n 315819299 165839650 680154504
u 873925602 645671561 63873198
u 165518614 84571391 450929622
c 354709799
r 826414663 1 6
c 29009490
e 826414663 13
m 586449557 210149582 225330287
n 171718159 952937018 162358973
u 63873198 366430393 104782131
e 105329151 -63
p 288223627
p 288223627
i 200024103 4 15 91 -58 25
p 98593735
c 544778448
p 526261948
c 303387258
i 680154504 10 -19 29 64 18 -55 74 89 -63 17 -33
e 847140664 59
p 508790136
p 789572403
p 108616837
c 270726094
u 96412030 407114470 616061120
n 765620762 199047022 288223627
e 525540564 -52
u 965840506 165518614 224020323
e 151944683 -12
c 208146834
i 278197648 8 56 -80 -74 55 51 88 28 98
r 602512567 6 -68 -51 -22 72 -60 -74
p 742456628
n 439232929 96793987 211810498
u 29777256 224020323 758727308
e 480778833 -6
u 844284022 952607913 208146834
c 667156574
n 729641203 953581499 190786372
n 62659225 48627728 727621899
u 108616837 210149582 789572403
p 539035967
c 199047022
u 526261948 953581499 78201478
m 823276737 763792116 278197648
i 544778448 4 -51 93 -70 29
e 407114470 97
i 102360432 9 -11 -42 -38 12 -48 61 -92 -71 61
m 278197648 826414663 677697533
e 182255337 83
p 366430393
u 182255337 727621899 389864469
c 224020323
u 450929622 844284022 667156574
m 205457816 765620762 844284022
n 809428532 35434104 544778448
c 368794510
m 62659225 134326982 78201478
r 12549857 5 -95 24 28 -1 76
c 763792116
p 288223627
n 43777041 508790136 872159716
m 680397708 368794510 505522764
i 765620762 5 -60 15 -67 16 56
e 300272886 -89
u 729641203 952607913 165839650
r 439232929 2 13 -99
r 115593374 10 48 61 48 -70 14 29 -100 94 1 89
i 354709799 6 -23 36 73 39 -7 -4
i 171718159 3 -71 53 39
n 543882136 165518614 719278365
m 847140664 300272886 439232929
r 965840506 1 85
m 105329151 389864469 288223627
c 956697050
n 450929622 294164224 586449557
n 389864469 680154504 151944683
c 78512721
e 763792116 -15
n 525540564 539035967 151944683
u 145135406 33720106 727621899
m 844284022 211810498 872159716
p 294164224
r 250299150 8 36 -33 -51 -23 88 88 -37 29
n 200024103 98593735 677697533
m 181122172 765620762 512570013
m 880435423 78512721 84571391
r 162358973 4 94 64 21 -9
m 609474840 505522764 539035967
n 115593374 667156574 175781331
c 44215505
e 908266758 -5
r 182255337 6 78 84 -13 -29 -43 -29
m 44215505 847140664 58035165
r 78201478 1 -41
m 677697533 429453832 480778833
p 971830946
e 616061120 -23
m 847140664 33720106 747518665
n 765620762 298923473 128057051
i 765620762 5 86 24 13 51 -18
p 78201478
m 138665777 33720106 278197648
i 165518614 2 59 72
e 138031792 -12
r 439232929 3 18 82 -54
i 138031792 5 39 0 35 -95 -78
u 29777256 104782131 33720106
e 33720106 54
c 250299150
m 33720106 138031792 303387258
e 525540564 70
u 544778448 719278365 288223627
m 953581499 544778448 96412030
r 439232929 1 -51
u 228583120 777350004 102360432
p 667156574
n 23037320 525540564 953581499
r 789572403 5 -31 81 -67 55 -70
u 404896632 823276737 763792116
u 539035967 758727308 80672796
m 547458006 44215505 303087392
r 729641203 3 1 29 3
c 450929622
n 473579475 505522764 480778833
m 363133010 210149582 543882136
p 195895850
p 303387258
m 58035165 102360432 125561590
p 872159716
i 680154504 10 63 -37 58 -17 -45 -52 -89 65 48 -75
e 543882136 66
n 182948845 727621899 208146834
c 389864469
u 165518614 847140664 480778833
r 108616837 1 -6
e 162358973 -70
n 508790136 250299150 190786372
n 758727308 818341964 844284022
u 128057051 680397708 971830946
i 765620762 7 84 -22 11 -36 -21 -55 -32
c 526261948
n 29009490 151944683 366430393
p 404896632
i 525540564 6 85 -71 -93 -64 18 -50
e 758727308 55
r 667156574 9 39 -31 -99 -56 83 -39 -81 7 82
i 956697050 4 -4 60 9 95
u 485272090 138031792 450929622
r 667156574 5 14 -86 23 0 -18
r 300272886 2 22 23
e 872159716 67
u 368794510 747518665 602512567
c 96412030
e 288223627 95
p 138031792
m 429453832 742456628 512570013
i 44215505 6 -47 -78 87 79 -90 92
i 429453832 2 94 -23
e 717797869 20
m 539035967 680397708 96793987
u 680397708 315819299 965840506
i 84571391 8 -33 -55 15 8 -6 -53 -74 -21
c 485272090
c 847140664
r 29009490 7 21 19 -17 7 6 -81 10
m 354709799 512570013 138031792
c 439232929
p 956697050
e 105329151 -26
u 363133010 145135406 195895850
n 439232929 363133010 727621899
e 873925602 52
m 199047022 125561590 404896632
p 543882136
c 906128170
p 62659225
u 747518665 298923473 303387258
c 134326982
m 363133010 88391404 288223627
m 58763172 826414663 586449557
m 200024103 543882136 818341964
n 16211462 23037320 404896632
n 88391404 195895850 151944683
n 298923473 547458006 210149582
p 525540564
i 29777256 8 49 41 48 14 98 -61 5 -22
u 609474840 366430393 480778833
m 480778833 547458006 151944683
c 758727308
m 278197648 508790136 165839650
n 190786372 145135406 645671561
p 873925602
u 952607913 505522764 165518614
m 151944683 450929622 575888651
n 956697050 729641203 205457816
p 298923473
e 165839650 44
p 171718159
n 952937018 354709799 953581499
r 645671561 5 4 24 43 -85 -30
i 12549857 3 -51 -7 -14
m 250299150 872159716 138665777
n 844284022 823276737 763792116
n 763792116 818341964 105329151
i 288223627 7 19 -63 19 26 0 71 -38
n 547458006 645671561 439232929
i 789572403 4 64 -37 -75 -39
r 602512567 8 14 -43 -20 -100 -61 88 1 -39
i 138665777 3 55 74 -17
m 543882136 298923473 727621899
p 512570013
e 278197648 46
m 175781331 680154504 16211462
p 777350004
i 278197648 5 -32 -79 -34 25 41
r 151944683 5 -27 31 11 13 -65
i 677697533 6 55 -83 -81 -86 -17 77
i 765620762 4 76 91 91 -80
m 789572403 29777256 407114470
u 742456628 363133010 649263799
n 205457816 195895850 208146834
i 906128170 4 86 -59 9 -74
n 98593735 210149582 480778833
n 953581499 389864469 366430393
r 873925602 2 -49 20
r 680397708 4 39 55 -25 58
p 512570013
i 368794510 10 6 -17 77 35 50 -5 70 79 -16 66
n 78512721 211810498 389864469
u 200024103 62659225 315819299
m 480778833 298923473 450929622
e 729641203 -2
r 525540564 8 97 22 -53 -90 -68 -36 61 76
c 847140664
n 78512721 602512567 102360432
r 480778833 9 -2 30 -41 -50 -23 -16 70 -47 16
r 211810498 7 25 43 -48 82 -16 9 -44
n 58763172 134326982 208146834
m 29009490 298923473 758727308
e 389864469 -6
n 161154940 473579475 525540564
e 134326982 -34
u 965840506 181122172 539035967
i 547458006 1 89
p 250299150
i 208146834 7 -42 -28 -94 -58 77 -49 -41
u 847140664 485272090 547458006
r 205457816 2 -69 7
r 952607913 7 -56 88 -34 -34 20 -73 -23
u 680397708 880435423 586449557
r 225330287 3 9 89 71
n 48627728 547458006 485272090
c 547458006
c 108616837
c 288223627
m 908266758 44215505 363133010
c 539035967
c 200024103
r 747518665 7 -50 -26 48 12 48 -15 61
u 96412030 62659225 818341964
m 128057051 171718159 151944683
n 366430393 145135406 363133010
n 809428532 544778448 649263799
p 84571391
m 906128170 278197648 78512721
u 965840506 62659225 58035165
c 717797869
r 288223627 1 -56
u 225330287 366430393 175781331
n 389864469 789572403 84571391
m 108616837 29009490 151944683
m 162358973 677697533 873925602
e 33720106 39
m 404896632 480778833 138031792
u 16211462 48627728 765620762
e 278197648 25
c 765620762
i 480778833 8 -54 66 -60 23 -74 -68 -71 58
n 225330287 16211462 175781331
p 161154940
u 645671561 953581499 181122172
e 366430393 32
i 165518614 3 -28 34 -57
i 298923473 10 83 100 70 29 -17 -46 11 25 57 -73
i 439232929 8 10 -78 -18 72 -26 -28 79 86
c 44215505
r 35434104 4 -71 23 39 -51
r 368794510 1 6
u 303387258 12549857 727621899
i 208146834 6 -26 14 -6 -74 23 -83
r 844284022 7 -51 39 50 -41 -31 75 -21
e 389864469 -54
e 765620762 97
u 747518665 389864469 62659225
c 480778833
m 389864469 199047022 826414663
p 195895850
p 98593735
r 138665777 7 0 30 22 2 -14 89 -74
e 544778448 -65
p 719278365
i 354709799 2 18 0
u 63873198 250299150 616061120
n 789572403 211810498 96412030
e 450929622 51
c 719278365
p 727621899
i 182948845 9 -97 -52 91 37 -65 -100 -63 27 -7
p 300272886
i 953581499 9 -45 33 68 -54 50 97 -95 33 -68
r 847140664 7 38 -6 36 82 -77 -41 6
m 161154940 58035165 175781331
e 683974709 41
r 138665777 8 -29 5 -12 -98 -34 -59 47 -70
p 171718159
c 667156574
p 270726094
r 182255337 10 23 10 76 -67 94 -4 -69 50 47 -25
u 48627728 609474840 298923473
c 29009490
m 270726094 165518614 211810498
p 162358973
i 190786372 1 -93
i 270726094 5 -78 49 8 -47 83
m 63873198 473579475 190786372
m 165518614 29777256 952937018
n 242659940 439232929 58763172
i 539035967 9 -33 55 -58 -50 -81 24 15 88 -64
r 12549857 9 33 67 -75 -94 21 60 82 -62 94
u 683974709 108616837 48627728
m 303087392 363133010 525540564
n 809428532 354709799 43777041
i 242659940 8 96 -90 -87 42 4 -65 -57 32
u 102360432 58763172 407114470
m 96793987 303087392 719278365
e 303087392 -12
c 956697050
i 727621899 1 -96
n 278197648 363133010 649263799
e 16211462 10
c 872159716
e 508790136 -49
r 667156574 3 79 21 69
r 62659225 2 96 -36
m 880435423 586449557 190786372
p 952607913
m 208146834 763792116 288223627
e 525540564 85
p 729641203
c 823276737
e 208146834 40
i 480778833 7 30 -41 45 46 19 23 58
i 29777256 4 -10 -91 20 92
u 683974709 115593374 366430393
i 108616837 3 -13 -17 -59
m 717797869 315819299 873925602
e 407114470 44
e 12549857 -92
n 407114470 667156574 906128170
r 789572403 8 1 12 26 87 48 37 30 71
r 602512567 9 21 -34 -64 -51 95 62 -20 81 62
r 250299150 9 50 100 23 67 18 -68 -82 53 -34
p 680397708
n 727621899 115593374 62659225
m 575888651 98593735 363133010
p 717797869
c 765620762
m 823276737 602512567 480778833
e 906128170 -32
m 58035165 512570013 294164224
u 809428532 58763172 719278365
n 23037320 138665777 354709799
e 58035165 -24
m 680397708 742456628 288223627
r 747518665 8 79 41 -5 17 39 82 63 16
c 294164224
c 23037320
u 956697050 906128170 616061120
m 278197648 742456628 953581499
e 165839650 9
p 683974709
n 847140664 210149582 818341964
c 818341964
i 161154940 1 -92
n 765620762 683974709 63873198
r 294164224 2 -87 61
u 208146834 485272090 115593374
r 134326982 8 -36 28 29 -38 27 55 40 73
i 125561590 1 -36
c 165839650
n 175781331 354709799 439232929
e 677697533 -86
e 270726094 8
u 649263799 151944683 78201478
r 389864469 2 -29 62
n 404896632 727621899 88391404
c 62659225
i 609474840 3 74 -43 -51
r 104782131 7 -85 29 96 -17 -92 -78 -16
p 363133010
r 953581499 1 9
e 80672796 -41
p 407114470
i 104782131 1 53
c 952607913
r 450929622 9 -14 49 32 36 68 61 98 4 -65
p 809428532
u 407114470 98593735 526261948
e 211810498 5
u 84571391 228583120 12549857
p 747518665
r 182948845 2 -19 -67
r 102360432 10 52 99 -29 40 83 54 -82 68 69 -30
i 439232929 9 -18 53 -89 -90 77 4 85 62 49
e 195895850 82
u 182948845 288223627 439232929
e 138665777 55
p 575888651
u 971830946 368794510 200024103
i 98593735 8 38 -32 -94 -36 11 7 -31 -91
e 165518614 -24
p 23037320
p 294164224
n 96412030 182255337 439232929
r 58763172 5 8 -77 -67 20 100
e 439232929 -27
i 98593735 10 -3 46 21 76 -95 97 -41 -68 26 -83
i 952607913 2 -55 -66
n 98593735 544778448 602512567
c 508790136
u 303387258 953581499 228583120
e 288223627 8
n 175781331 138665777 115593374
u 547458006 965840506 526261948
r 84571391 8 -46 86 -56 75 -10 -71 42 19
r 956697050 9 57 -5 93 -36 -10 -8 -22 63 62
u 908266758 727621899 98593735
p 105329151
c 649263799
c 956697050
u 450929622 33720106 96412030
c 205457816
p 43777041
e 171718159 -71
m 288223627 134326982 485272090
m 667156574 729641203 677697533
m 906128170 505522764 908266758
m 823276737 512570013 278197648
u 505522764 80672796 80672796
r 33720106 3 4 -24 2
p 224020323
u 125561590 128057051 128057051
u 429453832 190786372 765620762
u 138031792 953581499 602512567
e 407114470 70
c 747518665
p 526261948
m 199047022 224020323 161154940
p 575888651
m 228583120 190786372 777350004
i 165518614 1 -60
r 298923473 10 -72 -71 94 40 34 -68 81 92 -58 -29
i 363133010 8 -26 -45 -43 -50 -32 -18 -22 -34
m 680397708 128057051 439232929
n 758727308 389864469 450929622
n 908266758 667156574 162358973
e 439232929 65
m 575888651 208146834 138031792
c 270726094
e 278197648 -79
p 847140664
p 138031792
p 508790136
e 763792116 94
c 872159716
p 138665777
c 823276737
p 105329151
p 971830946
n 242659940 649263799 175781331
e 404896632 52
n 63873198 575888651 789572403
e 363133010 -61
e 278197648 13
n 181122172 765620762 48627728
r 33720106 10 29 -28 -47 -54 -32 64 -74 -2 -35 -99
u 965840506 908266758 677697533
e 508790136 -90
r 225330287 6 -73 -37 -85 -97 -68 -1
r 480778833 8 -69 16 -75 -40 -20 76 34 66
p 717797869
p 826414663
e 363133010 58
n 270726094 544778448 29777256
r 108616837 4 12 -25 -23 59
r 953581499 9 -39 -93 95 0 26 30 -47 -87 99
c 952607913
i 407114470 5 0 -35 -21 -95 -54
c 182255337
e 88391404 -73
i 138031792 2 27 -76
n 298923473 58035165 171718159
u 844284022 151944683 389864469
n 145135406 473579475 151944683
u 645671561 965840506 80672796
c 680397708
c 505522764
e 175781331 -83
n 58035165 12549857 125561590
p 543882136
e 953581499 71
u 512570013 303387258 195895850
m 844284022 300272886 765620762
e 190786372 -93
u 480778833 181122172 953581499
m 543882136 182255337 873925602
u 906128170 134326982 508790136
p 29009490
c 505522764
n 84571391 104782131 789572403
p 609474840
c 181122172
u 539035967 407114470 128057051
u 965840506 96793987 98593735
n 270726094 729641203 171718159
p 182255337
n 880435423 250299150 78201478
n 78201478 575888651 645671561
r 58035165 1 81
e 366430393 -3
n 544778448 115593374 677697533
u 777350004 765620762 151944683
c 128057051
r 270726094 9 63 -98 -89 -51 -87 -84 82 -24 -10
u 763792116 729641203 965840506
i 680397708 9 49 -38 -52 12 25 72 -84 -91 69
n 505522764 80672796 818341964
e 250299150 51
n 908266758 29777256 873925602
n 873925602 161154940 727621899
i 873925602 9 -12 -48 -60 -88 94 89 -2 18 39
n 965840506 956697050 727621899
i 162358973 4 43 32 75 80
c 439232929
p 473579475
m 480778833 175781331 547458006
e 602512567 67
p 965840506
u 98593735 547458006 298923473
r 78201478 3 -44 72 100
i 108616837 1 47
r 105329151 8 1 -37 -46 -77 65 15 -90 25
r 33720106 2 -91 -78
m 880435423 35434104 208146834
p 480778833
c 210149582
u 956697050 48627728 872159716
r 145135406 9 -77 29 -51 67 33 4 -43 48 -30
e 98593735 -11
i 547458006 10 -82 10 -19 -4 -35 78 -6 12 -51 -48
n 303387258 105329151 63873198
p 512570013
c 298923473
i 80672796 3 -72 -77 -95
m 389864469 35434104 29009490
c 165518614
e 363133010 -43
m 526261948 485272090 439232929
u 303387258 956697050 195895850
p 151944683
n 151944683 952607913 298923473
r 543882136 10 -86 96 -12 -5 96 99 -74 -69 -58 31
i 953581499 5 67 34 36 -19 73
c 300272886
m 575888651 48627728 225330287
i 366430393 7 1 -60 23 37 -50 -31 19
u 210149582 44215505 58763172
c 145135406
u 225330287 44215505 250299150
u 88391404 758727308 228583120
p 200024103
r 485272090 7 -80 -78 53 90 54 80 -4
n 303087392 278197648 105329151
e 225330287 -17
r 88391404 2 99 -50
n 104782131 29009490 777350004
m 270726094 298923473 43777041
i 956697050 1 14
n 250299150 971830946 228583120
m 43777041 847140664 250299150
c 29777256
c 12549857
n 80672796 288223627 525540564
e 880435423 64
m 43777041 84571391 12549857
u 16211462 182948845 315819299
r 200024103 9 -24 55 -22 -92 4 -77 4 35 48
p 354709799
u 844284022 602512567 145135406
u 288223627 102360432 62659225
u 823276737 908266758 906128170
n 43777041 667156574 717797869
n 729641203 826414663 953581499
n 33720106 165518614 473579475
r 906128170 6 -67 -2 97 49 86 82
m 165839650 404896632 138665777
m 199047022 729641203 138031792
r 162358973 7 -88 -1 -9 -48 87 88 81
i 649263799 4 78 -9 -33 51
i 717797869 4 41 93 2 -59
n 125561590 872159716 526261948
m 134326982 823276737 29777256
c 366430393
p 138031792
r 525540564 8 48 23 -23 26 -84 -36 76 -77
n 575888651 844284022 165518614
c 575888651
n 78512721 151944683 649263799
u 33720106 758727308 105329151
n 80672796 965840506 544778448
m 602512567 294164224 473579475
r 98593735 7 61 67 93 71 44 78 -56
c 63873198
m 547458006 125561590 649263799
c 525540564
u 208146834 512570013 873925602
c 823276737
r 303387258 6 28 -19 -20 -58 21 -22
u 210149582 199047022 505522764
c 818341964
c 389864469
p 105329151
p 138031792
i 680397708 9 63 -81 -37 16 84 -81 -29 17 33
m 809428532 906128170 145135406
e 508790136 17
c 228583120
i 108616837 1 46
m 43777041 151944683 677697533
p 298923473
i 952937018 10 -80 -62 -51 19 54 43 -88 51 -45 28
p 586449557
e 44215505 89
n 288223627 953581499 104782131
e 151944683 36
e 906128170 -33
n 23037320 818341964 315819299
n 108616837 294164224 104782131
e 847140664 41
m 29009490 508790136 717797869
i 777350004 6 29 14 0 36 52 -15
m 165839650 98593735 298923473
c 719278365
u 84571391 873925602 315819299
r 145135406 9 91 28 4 95 -17 78 -90 28 -74
m 58763172 29777256 211810498
u 23037320 366430393 908266758
u 102360432 58763172 485272090
c 165518614
i 742456628 9 64 -21 92 -77 11 19 -74 -59 46
i 58035165 10 -82 -39 93 39 -79 -23 27 -65 -78 -78
r 508790136 6 -43 87 77 -81 -83 64
m 228583120 404896632 543882136
u 368794510 58763172 539035967
r 298923473 1 -19
e 270726094 47
e 965840506 45
r 485272090 5 -48 -14 -38 -56 -37
u 175781331 211810498 407114470
c 96412030
n 128057051 205457816 105329151
c 965840506
r 128057051 6 41 -79 9 19 11 -80
i 505522764 5 -70 58 94 -44 -88
r 181122172 9 -20 3 92 -7 -24 92 92 67 -46
p 161154940
p 58763172
r 58035165 4 96 77 -51 -98
u 956697050 250299150 880435423
p 368794510
n 971830946 953581499 125561590
i 575888651 10 90 24 -26 -96 53 52 8 -84 40 -79
e 872159716 -93
e 105329151 12
e 719278365 43
c 182255337
r 368794510 6 -24 39 -99 69 -48 36
c 952937018
p 16211462
r 823276737 3 18 -35 32
n 952607913 12549857 23037320
m 151944683 33720106 677697533
e 505522764 -88
c 58035165
m 789572403 777350004 250299150
p 873925602
c 389864469
m 526261948 190786372 12549857
c 404896632
r 952607913 10 12 17 24 -8 -89 76 -94 -62 29 -16
m 729641203 366430393 242659940
r 586449557 2 -9 59
r 105329151 10 4 4 53 -36 -61 73 -57 92 -28 61
n 508790136 205457816 288223627
c 539035967
m 58035165 480778833 242659940
u 873925602 906128170 104782131
u 880435423 354709799 33720106
u 667156574 43777041 777350004
i 512570013 7 -41 100 87 -35 -99 46 -55
p 88391404
p 84571391
m 104782131 473579475 539035967
i 151944683 2 -82 -5
p 151944683
m 105329151 62659225 96412030
m 63873198 278197648 58035165
c 96412030
n 547458006 389864469 80672796
e 547458006 -42
i 512570013 7 43 75 -92 67 99 -64 44
e 575888651 60
i 450929622 8 -74 -71 -15 -98 85 31 -56 -36
p 224020323
u 300272886 727621899 288223627
r 539035967 8 98 65 89 -82 75 -24 -16 -49
c 485272090
m 96793987 404896632 547458006
i 547458006 7 68 -94 54 72 -74 -84 -55
i 128057051 6 60 28 89 56 65 -7
m 823276737 84571391 303387258
c 512570013
e 765620762 25
i 407114470 2 -84 38
e 224020323 4
u 809428532 298923473 717797869
u 105329151 777350004 102360432
u 288223627 727621899 473579475
p 818341964
e 224020323 90
m 288223627 953581499 602512567
e 971830946 6
i 225330287 6 -9 -72 45 -67 46 -38
c 182948845
i 35434104 7 57 -39 -82 78 18 55 -99
n 78201478 108616837 171718159
r 539035967 4 28 76 -12 -63
u 747518665 872159716 872159716
i 195895850 1 40
r 539035967 7 54 98 25 -35 37 7 11
p 270726094
u 102360432 300272886 288223627
m 680397708 952607913 439232929
i 953581499 4 -8 47 9 15
i 33720106 5 43 -87 100 32 -43
u 98593735 205457816 205457816
m 303387258 525540564 298923473
u 298923473 539035967 742456628
i 35434104 3 54 0 49
p 602512567
p 965840506
u 765620762 543882136 88391404
m 200024103 58035165 953581499
e 278197648 82
m 366430393 765620762 719278365
u 727621899 450929622 161154940
n 826414663 677697533 270726094
n 12549857 952937018 747518665
c 44215505
i 872159716 10 -41 63 60 63 -24 68 -19 24 -90 -3
i 539035967 7 -15 -79 -90 75 97 7 -66
c 102360432
c 199047022
u 35434104 645671561 906128170
u 758727308 138665777 789572403
i 508790136 2 63 39
c 844284022
r 315819299 3 86 78 21
i 439232929 6 66 -97 6 -95 -65 69
r 363133010 1 -14
p 298923473
r 777350004 4 -10 0 -79 25
m 315819299 294164224 96412030
n 616061120 58035165 680154504
p 33720106
i 165839650 3 3 50 -41
n 526261948 609474840 128057051
e 298923473 61
r 303387258 6 85 29 15 28 -47 54
r 543882136 4 80 19 10 -16
r 354709799 8 6 -100 -93 -85 -11 -45 -79 42
i 23037320 4 100 -8 7 83
n 224020323 616061120 758727308
n 225330287 953581499 161154940
e 758727308 -15
n 368794510 544778448 586449557
p 199047022
e 956697050 36
e 208146834 39
e 151944683 -5
u 971830946 473579475 602512567
e 165839650 93
n 680154504 616061120 190786372
i 288223627 3 67 74 -87
u 29777256 128057051 80672796
r 680397708 10 84 5 -41 -22 45 -5 82 97 98 -14
c 354709799
c 368794510
c 298923473
c 683974709
r 956697050 4 18 -24 -7 -20
i 108616837 8 65 3 -19 35 -65 -16 -39 -27
c 526261948
m 719278365 508790136 508790136
u 78201478 78512721 717797869
c 58035165
u 956697050 677697533 789572403
u 23037320 181122172 43777041
c 182255337
i 151944683 4 52 13 85 -83
u 539035967 208146834 300272886
r 575888651 2 -27 48
r 872159716 5 66 5 3 -22 54
e 526261948 -3
i 823276737 5 76 47 -60 -82 -75
p 758727308
m 505522764 29009490 105329151
u 270726094 505522764 151944683
c 138031792
u 205457816 303087392 96412030
r 181122172 6 8 -64 -84 -42 -3 24
n 181122172 450929622 645671561
u 826414663 844284022 224020323
r 512570013 9 -87 54 48 -99 -73 -75 65 22 61
e 300272886 99
c 16211462
p 98593735
e 765620762 -84
i 847140664 3 -81 29 32
i 181122172 2 -73 -28
e 439232929 -95
u 145135406 288223627 747518665
m 789572403 680154504 366430393
c 151944683
e 58763172 -52
c 96793987
c 480778833
i 847140664 3 44 -36 9
p 58763172
m 525540564 145135406 35434104
u 719278365 303387258 439232929
p 439232929
r 98593735 1 19
c 250299150
u 138665777 205457816 62659225
e 952937018 -10
p 16211462
p 145135406
p 777350004
i 35434104 8 -32 97 99 97 -1 48 -92 -81
n 211810498 717797869 48627728
c 677697533
e 450929622 16
u 789572403 294164224 88391404
r 363133010 5 -81 5 85 49 83
c 512570013
n 128057051 23037320 729641203
p 104782131
n 242659940 29009490 29777256
i 480778833 5 90 9 27 78 -2
c 680397708
e 210149582 54
n 102360432 43777041 473579475
n 250299150 729641203 407114470
i 473579475 1 37
e 727621899 -98
n 105329151 727621899 211810498
p 242659940
i 78512721 8 8 42 -83 -47 81 45 -59 50
i 29009490 8 52 83 29 40 68 64 -85 -32
p 544778448
e 98593735 19
m 161154940 680397708 270726094
m 439232929 404896632 906128170
c 288223627
i 96412030 8 70 -35 92 45 -37 81 70 27
r 250299150 3 74 11 -72
c 539035967
m 544778448 300272886 151944683
i 525540564 7 24 1 76 -24 59 -35 -74
m 12549857 526261948 303087392
c 78201478
p 134326982
c 250299150
r 872159716 4 -100 -72 -38 -64
m 742456628 98593735 729641203
p 78201478
p 270726094
n 508790136 108616837 765620762
e 62659225 98
u 151944683 35434104 200024103
p 543882136
u 366430393 58763172 742456628
n 818341964 649263799 809428532
c 175781331
p 115593374
r 161154940 4 -72 -58 5 45
i 224020323 4 30 -20 -55 3
i 547458006 2 -58 -42
i 747518665 1 -75
m 182255337 847140664 298923473
c 294164224
e 161154940 -50
e 683974709 55
m 108616837 971830946 78201478
m 225330287 602512567 195895850
u 181122172 211810498 80672796
c 88391404
n 539035967 29777256 58035165
i 952607913 9 66 70 -33 -85 35 26 27 30 8
c 138031792
u 439232929 602512567 847140664
r 250299150 4 -15 8 84 -18
m 96793987 12549857 575888651
m 78512721 195895850 182255337
n 104782131 473579475 543882136
e 12549857 27
m 182948845 677697533 727621899
n 844284022 873925602 680397708
n 789572403 16211462 44215505
r 96412030 4 -21 -96 -17 -79
m 48627728 789572403 165518614
n 199047022 826414663 300272886
c 165839650
u 680154504 270726094 765620762
r 844284022 4 33 -25 1 -22
c 98593735
e 508790136 -54
i 818341964 1 62
n 115593374 210149582 873925602
m 758727308 683974709 84571391
p 35434104
r 84571391 7 58 -22 -29 -97 91 -23 49
m 512570013 505522764 717797869
n 575888651 225330287 29777256
n 952937018 747518665 480778833
c 906128170
n 228583120 363133010 48627728
i 300272886 7 -31 -31 -11 -44 33 -15 60
e 225330287 -93
u 847140664 971830946 844284022
i 303387258 7 -60 21 -68 -43 -66 -30 -51
p 195895850
i 29777256 5 -76 -72 65 54 -59
u 278197648 128057051 789572403
c 586449557
n 575888651 29009490 683974709
c 680154504
m 602512567 873925602 952607913
e 165518614 -56
m 151944683 210149582 526261948
i 971830946 6 30 5 -9 -61 97 -9
p 680154504
i 205457816 1 93
c 23037320
n 58763172 175781331 525540564
i 96793987 9 -48 -99 -34 9 -27 -26 85 92 -10
e 250299150 -57
e 952607913 -85
n 763792116 44215505 96412030
n 242659940 505522764 971830946
m 165839650 134326982 952607913
u 102360432 908266758 747518665
e 818341964 43
i 366430393 3 15 -15 45
r 368794510 8 -47 93 14 -29 -21 30 -76 -64
p 288223627
r 88391404 7 65 -36 -89 -34 29 100 -15
e 544778448 -31
e 826414663 25
n 12549857 134326982 439232929
m 23037320 228583120 162358973
u 906128170 102360432 242659940
i 175781331 3 64 -73 -89
p 847140664
e 128057051 -33
r 508790136 3 -1 59 17
n 228583120 404896632 683974709
m 278197648 181122172 956697050
i 105329151 7 33 46 76 87 -36 -46 29
p 789572403
p 485272090
r 211810498 9 -56 58 40 62 -81 -54 72 51 73
c 677697533
m 33720106 645671561 128057051
i 182948845 6 21 89 -41 -40 -1 -77
e 190786372 -93
u 677697533 225330287 165839650
c 609474840
n 429453832 729641203 908266758
r 439232929 7 78 72 -6 65 -5 20 24
e 742456628 -23
m 368794510 809428532 165839650
m 906128170 205457816 404896632
n 450929622 505522764 965840506
p 35434104
e 354709799 33
r 12549857 5 -31 -96 56 43 8
e 288223627 9
e 182948845 -77
u 429453832 747518665 616061120
p 270726094
e 134326982 -95
c 717797869
m 242659940 956697050 363133010
p 366430393
p 539035967
m 294164224 667156574 544778448
e 29009490 79
n 294164224 543882136 33720106
u 165518614 96793987 609474840
e 485272090 -32
u 758727308 508790136 195895850
r 872159716 10 -94 -78 -3 -1 39 73 -83 30 96 -88
n 404896632 727621899 104782131
c 270726094
r 278197648 5 78 59 65 43 -33
c 303387258
n 505522764 609474840 35434104
i 525540564 9 50 -73 -45 -23 58 -65 35 34 -6
i 526261948 8 -69 98 12 93 49 -20 -95 -63
n 181122172 389864469 727621899
i 228583120 5 -2 58 25 27 86
e 667156574 -8
e 175781331 -89
p 104782131
c 48627728
n 165839650 777350004 23037320
r 16211462 5 63 -12 -41 -87 -82
u 429453832 199047022 547458006
e 404896632 44
c 294164224
i 270726094 4 95 97 57 -49
c 872159716
n 315819299 138665777 63873198
e 473579475 37
e 151944683 -60
c 826414663
u 389864469 952607913 88391404
n 742456628 48627728 473579475
n 78512721 161154940 138665777
n 182255337 182948845 389864469
u 763792116 616061120 96412030
n 35434104 171718159 12549857
e 288223627 -1
u 826414663 208146834 134326982
c 747518665
e 649263799 60
n 43777041 354709799 104782131
e 602512567 -59
c 303087392
u 368794510 80672796 727621899
p 525540564
c 208146834
n 677697533 224020323 354709799
c 683974709
n 880435423 161154940 78512721
r 224020323 8 -55 -31 -8 18 -83 -12 -76 -83
r 63873198 1 11
r 763792116 3 3 -56 93
c 543882136
r 29777256 1 -52
e 956697050 36
m 667156574 473579475 429453832
u 575888651 29009490 717797869
m 43777041 228583120 680154504
p 171718159
i 880435423 3 71 -6 -16
p 12549857
u 165839650 44215505 62659225
r 717797869 2 12 -84
u 952607913 44215505 108616837
i 225330287 8 74 36 -95 -79 -30 -21 0 -40
r 956697050 8 -32 32 39 -80 -83 50 -58 32
r 145135406 1 -61
r 512570013 3 -24 6 32
r 873925602 9 -32 -77 -63 -95 99 -50 71 -77 -54
m 208146834 200024103 250299150
r 63873198 9 42 9 -38 7 -30 74 60 -90 -42
m 683974709 777350004 485272090
r 508790136 2 58 -77
i 96793987 4 15 -53 52 10
m 182255337 844284022 171718159
n 908266758 228583120 680397708
e 908266758 81
c 729641203
n 742456628 473579475 952937018
c 63873198
p 182948845
p 171718159
u 908266758 809428532 43777041
e 485272090 -88
i 175781331 2 60 -27
r 182255337 3 -75 11 -59
e 138031792 -37
n 105329151 225330287 844284022
i 872159716 8 28 5 3 -53 51 -25 -6 -71
i 23037320 8 6 -88 -1 -8 25 -59 80 -62
e 404896632 -71
c 908266758
r 965840506 9 -69 15 -40 -10 -60 -93 -51 12 -46
i 747518665 10 -55 49 -55 51 -58 -16 -3 -51 -78 55
p 952607913
n 873925602 294164224 616061120
u 96793987 439232929 844284022
r 407114470 4 -87 -90 40 74
c 389864469
i 115593374 9 37 27 -90 -58 -62 -50 28 34 -2
p 368794510
u 952607913 165839650 88391404
e 809428532 -91
p 288223627
e 270726094 -49
u 873925602 211810498 525540564
n 138031792 105329151 729641203
u 616061120 512570013 44215505
u 242659940 354709799 505522764
e 29777256 28
p 586449557
n 450929622 63873198 956697050
e 480778833 -53
r 298923473 3 -49 20 66
u 224020323 649263799 145135406
i 543882136 1 85
m 303087392 224020323 543882136
c 649263799
e 288223627 -89
i 33720106 7 86 -34 59 84 58 -52 -6
c 719278365
n 115593374 906128170 43777041
c 544778448
i 16211462 3 60 -24 -17
i 485272090 7 -67 -84 31 51 -11 -13 51
r 480778833 8 92 -15 -83 -23 -95 5 63 15
r 63873198 1 88
e 138665777 65
n 88391404 539035967 368794510
p 200024103
c 965840506
c 677697533
n 16211462 23037320 98593735
i 288223627 2 29 -36
p 789572403
r 78201478 9 37 -44 48 -89 -36 41 -45 -79 16
m 151944683 450929622 872159716
u 645671561 171718159 161154940
n 758727308 84571391 250299150
i 763792116 3 82 44 30
r 363133010 7 89 -40 -47 -92 17 100 39
c 62659225
e 29777256 -89
e 138665777 -64
i 729641203 3 -41 -89 -40
i 480778833 5 77 -9 7 64 30
i 729641203 9 -20 -92 2 31 -94 -28 -15 69 -98
m 98593735 300272886 211810498
m 199047022 407114470 80672796
r 971830946 1 -27
m 96793987 270726094 547458006
i 956697050 10 63 10 -91 -68 -7 -11 14 55 -38 37
p 134326982
n 228583120 199047022 242659940
i 315819299 1 6
i 683974709 5 -44 -57 18 -27 -62
n 96412030 719278365 742456628
r 80672796 10 73 -13 -32 24 -46 91 48 -84 -51 98
u 823276737 965840506 649263799
m 270726094 872159716 407114470
m 547458006 872159716 847140664
e 161154940 33
r 16211462 1 -75
u 680154504 609474840 586449557
e 880435423 -6
u 717797869 729641203 873925602
e 758727308 -14
i 190786372 4 -91 87 42 -28
m 58035165 407114470 288223627
m 368794510 505522764 872159716
n 151944683 956697050 971830946
p 818341964
e 645671561 39
r 162358973 9 -26 47 24 -32 -61 59 87 -33 15
p 473579475
p 526261948
n 242659940 138031792 389864469
n 182255337 58763172 602512567
p 956697050
n 242659940 200024103 544778448
n 78512721 677697533 12549857
c 742456628
p 78512721
c 171718159
u 190786372 480778833 404896632
c 354709799
u 727621899 80672796 228583120
r 205457816 1 34
u 62659225 719278365 908266758
i 429453832 5 82 -24 -15 -15 22
i 200024103 5 -90 -83 99 -17 73
m 908266758 43777041 205457816
c 303087392
m 525540564 225330287 952937018
i 225330287 8 -47 95 83 -51 49 31 54 87
r 303087392 2 10 -2
r 439232929 4 42 -79 -36 87
r 43777041 6 19 -72 89 56 41 83
n 242659940 971830946 182948845
i 543882136 8 32 64 69 -99 -96 -34 86 -79
i 616061120 5 68 -5 -81 24 78
n 62659225 84571391 952607913
e 407114470 30
r 872159716 3 47 58 23
m 908266758 873925602 547458006
p 683974709
m 165839650 575888651 171718159
c 29009490
m 294164224 952607913 602512567
r 44215505 1 15
u 505522764 818341964 680154504
u 789572403 763792116 151944683
p 677697533
e 145135406 -19
e 485272090 51
n 677697533 29009490 872159716
r 363133010 10 -54 -64 31 44 -97 20 -48 92 -80 83
p 171718159
u 680154504 182255337 224020323
p 211810498
r 224020323 2 -54 -55
u 906128170 303387258 294164224
u 758727308 84571391 777350004
c 953581499
r 872159716 1 90
c 104782131
e 680397708 40
i 763792116 7 -8 66 84 -57 -79 59 -78
p 224020323
c 182255337
r 210149582 1 98
i 777350004 4 -76 -29 -27 -63
e 602512567 58
i 602512567 8 40 79 6 -60 -90 -75 9 -66
c 826414663
c 98593735
n 200024103 165839650 303387258
p 12549857
m 171718159 58035165 35434104
i 677697533 3 -35 16 -48
p 404896632
u 727621899 616061120 23037320
e 366430393 2
m 575888651 78201478 315819299
m 303087392 480778833 102360432
e 200024103 31
n 102360432 175781331 78512721
i 98593735 9 74 40 78 -48 -12 -4 -34 -10 -11
p 225330287
c 683974709
u 543882136 450929622 777350004
m 78201478 195895850 115593374
n 23037320 228583120 645671561
p 649263799
e 128057051 -52
c 62659225
r 199047022 7 54 -77 -50 94 -36 -2 25
e 58763172 36
p 953581499
c 407114470
u 200024103 270726094 719278365
p 134326982
n 354709799 175781331 96412030
u 298923473 450929622 182948845
e 115593374 -60
p 165518614
r 758727308 10 -73 -96 43 -59 -85 -65 50 -2 -61 -66
n 303387258 667156574 33720106
n 195895850 205457816 270726094
n 199047022 182255337 952607913
e 134326982 49
u 84571391 872159716 667156574
e 78201478 62
p 303387258
n 649263799 270726094 485272090
n 165518614 539035967 35434104
c 742456628
n 609474840 952607913 288223627
c 78512721
p 485272090
n 43777041 680397708 439232929
p 242659940
e 823276737 42
n 765620762 224020323 88391404
n 165839650 294164224 616061120
n 729641203 182255337 63873198
m 115593374 200024103 609474840
n 872159716 450929622 29777256
m 195895850 162358973 717797869
u 404896632 683974709 35434104
r 200024103 2 51 34
p 138031792
i 758727308 8 50 -67 81 68 -75 88 -53 69
e 145135406 68
u 210149582 758727308 12549857
r 242659940 6 48 -26 -27 7 -38 -36
i 789572403 10 97 -95 69 80 -59 31 78 89 40 78
e 965840506 13
r 952607913 1 -16
i 844284022 6 -70 -20 -79 -20 17 47
i 62659225 10 -2 -23 77 42 4 -18 67 17 15 100
e 539035967 -24
m 165839650 161154940 108616837
u 228583120 128057051 211810498
e 165839650 47
n 278197648 102360432 171718159
i 300272886 1 28
m 96793987 763792116 165518614
u 228583120 195895850 543882136
p 602512567
m 16211462 363133010 763792116
p 315819299
m 294164224 429453832 138031792
r 138665777 5 -61 17 -12 74 36
r 512570013 5 -36 55 44 -8 94
m 78201478 906128170 80672796
u 747518665 680154504 971830946
c 225330287
r 680397708 5 31 40 -36 -99 57
r 586449557 10 -44 -97 30 13 -10 -97 11 22 39 -8
m 29777256 508790136 908266758
u 165839650 512570013 525540564
c 765620762
m 138665777 108616837 300272886
c 182948845
m 62659225 208146834 58763172
p 965840506
m 729641203 971830946 190786372
e 544778448 85
n 250299150 195895850 165518614
m 242659940 368794510 190786372
r 680154504 9 -51 -6 78 27 95 62 41 57 19
p 880435423
m 544778448 182255337 48627728
i 586449557 6 44 14 90 -18 73 -86
p 98593735
e 63873198 -32
m 145135406 228583120 96412030
i 789572403 10 -8 58 89 -37 69 84 82 -7 -27 87
n 505522764 208146834 717797869
u 211810498 680154504 543882136
e 33720106 -54
u 98593735 505522764 952607913
c 43777041
c 200024103
r 354709799 10 -6 -98 75 80 -57 -68 -18 20 -66 -5
i 138031792 3 41 45 39
m 63873198 62659225 288223627
p 717797869
p 485272090
i 58035165 9 -76 -67 -7 -18 -8 96 -37 28 -73
n 880435423 526261948 211810498
p 544778448
u 473579475 439232929 29777256
i 407114470 1 -84
p 181122172
e 363133010 35
e 199047022 7
c 952607913
e 826414663 74
n 439232929 23037320 826414663
e 953581499 74
c 526261948
p 171718159
u 182948845 763792116 823276737
r 404896632 4 27 31 -73 90
r 115593374 10 -4 27 29 68 -28 -55 31 -93 -72 -70
e 439232929 24
n 407114470 366430393 200024103
m 906128170 368794510 105329151
e 29777256 -35
r 880435423 10 -5 17 -60 8 48 17 10 -58 91 -61
r 906128170 9 11 25 -47 75 -47 -81 -56 -56 -27
n 208146834 165518614 12549857
c 404896632
c 225330287
p 809428532
i 763792116 8 29 45 55 72 98 56 -41 77
r 63873198 4 95 17 46 -80
r 224020323 3 62 -53 -67
r 727621899 3 83 -74 -63
i 88391404 8 -25 99 97 -10 7 41 7 -33
m 953581499 224020323 547458006
m 175781331 789572403 200024103
m 789572403 683974709 104782131
u 526261948 80672796 88391404
c 161154940
n 182255337 965840506 23037320
n 134326982 300272886 363133010
n 303087392 366430393 105329151
c 429453832
r 525540564 7 88 70 -19 -91 80 -58 3
m 104782131 224020323 138031792
e 44215505 -76
p 525540564
r 98593735 8 84 -60 -12 51 -66 -81 34 -55
p 199047022
e 96412030 -34
p 33720106
e 44215505 -94
p 43777041
r 190786372 8 37 36 8 -36 -93 86 33 -70
m 818341964 16211462 48627728
c 965840506
c 12549857
r 63873198 6 -40 -55 93 -10 -70 65
u 104782131 210149582 63873198
c 952607913
e 145135406 -15
i 96793987 10 10 99 -21 47 57 31 -43 -73 -54 -5
p 105329151
u 763792116 956697050 747518665
n 763792116 575888651 667156574
u 175781331 826414663 616061120
m 758727308 616061120 12549857
m 278197648 872159716 23037320
c 145135406
c 683974709
c 165518614
e 115593374 -60
e 609474840 25
i 161154940 1 77
c 35434104
i 747518665 4 -43 -64 -24 51
u 789572403 199047022 543882136
p 200024103
p 181122172
u 818341964 363133010 539035967
m 182948845 956697050 161154940
u 78201478 526261948 508790136
n 29777256 873925602 224020323
c 58763172
p 480778833
u 645671561 33720106 649263799
e 182948845 -99
e 429453832 -15
u 667156574 789572403 872159716
r 125561590 1 -53
n 389864469 544778448 29009490
m 128057051 742456628 205457816
e 439232929 45
u 777350004 525540564 224020323
m 439232929 96412030 182255337
c 145135406
n 826414663 210149582 526261948
m 80672796 777350004 906128170
c 16211462
c 847140664
e 98593735 -50
m 44215505 115593374 473579475
r 368794510 4 18 -87 10 13
r 575888651 1 -33
m 667156574 747518665 250299150
i 485272090 7 -18 -85 77 -79 -30 -16 -54
e 96793987 86
p 199047022
n 165518614 818341964 225330287
c 680154504
m 181122172 98593735 250299150
u 956697050 16211462 104782131
i 224020323 6 -93 24 -68 86 84 23
r 505522764 3 -85 77 54
p 505522764
r 727621899 9 -21 -18 43 -61 16 -94 19 -15 79
u 242659940 105329151 485272090
n 508790136 210149582 210149582
r 512570013 6 90 -19 -4 -96 -69 -94
m 58035165 161154940 145135406
r 134326982 2 41 -90
e 407114470 -87
u 366430393 208146834 134326982
m 181122172 138031792 208146834
n 649263799 125561590 873925602
c 844284022
i 125561590 9 -50 10 -24 -28 -60 57 -71 34 7
i 33720106 3 42 -61 38
u 480778833 16211462 547458006
p 162358973
p 96793987
e 952607913 86
e 480778833 -53
u 138031792 270726094 873925602
u 389864469 908266758 363133010
c 128057051
n 429453832 44215505 368794510
p 575888651
u 480778833 742456628 717797869
i 956697050 5 -1 -18 98 -20 100
n 765620762 104782131 645671561
r 115593374 8 79 76 19 1 70 -60 -51 81
e 190786372 90
i 195895850 7 -29 20 6 -63 -41 -22 -8
c 575888651
n 485272090 826414663 125561590
e 971830946 -77
r 404896632 6 99 -90 1 60 54 -93
n 298923473 777350004 96793987
p 165839650
c 200024103
r 616061120 4 92 38 -33 -85
i 823276737 9 -20 -12 69 -50 60 6 14 -95 -60
u 315819299 368794510 953581499
c 872159716
p 953581499
e 88391404 -53
u 205457816 952937018 43777041
c 543882136
n 508790136 43777041 270726094
u 956697050 844284022 182255337
r 78512721 7 -56 34 -43 -70 82 33 56
m 303087392 727621899 33720106
c 138665777
m 742456628 952607913 543882136
c 742456628
n 23037320 765620762 98593735
u 450929622 199047022 162358973
c 161154940
m 880435423 63873198 809428532
n 43777041 873925602 29009490
n 175781331 873925602 683974709
m 683974709 98593735 473579475
c 677697533
i 300272886 2 26 -90
i 23037320 5 -58 80 -72 66 27
i 145135406 10 54 86 -25 42 -98 8 -17 -3 60 -55
i 354709799 3 6 -66 74
p 278197648
c 134326982
r 84571391 3 -64 21 -66
u 844284022 505522764 952937018
m 165839650 33720106 151944683
e 228583120 -58
i 165518614 7 -2 26 24 -86 60 -51 -57
n 544778448 134326982 145135406
e 363133010 -43
r 645671561 6 -54 -51 -24 -68 44 -55
c 729641203
i 200024103 10 24 18 -85 -42 84 67 66 75 60 58
m 389864469 58763172 62659225
e 115593374 13
p 63873198
i 205457816 1 58
r 645671561 1 -8
m 288223627 952937018 818341964
u 210149582 242659940 250299150
e 526261948 68
c 727621899
u 138665777 547458006 765620762
n 847140664 485272090 407114470
c 125561590
e 473579475 9
u 288223627 208146834 368794510
e 138665777 -41
r 62659225 10 -35 -78 -73 21 2 -51 -16 89 -7 -5
n 539035967 278197648 161154940
c 58763172
i 667156574 2 -64 65
n 683974709 80672796 151944683
c 300272886
m 952937018 809428532 96793987
u 847140664 543882136 956697050
r 512570013 7 74 76 -8 67 -79 -57 -36
p 210149582
n 512570013 818341964 23037320
i 680154504 10 14 -7 78 16 -91 23 -74 -40 65 -79
e 270726094 -66
p 58763172
e 300272886 45
n 826414663 78201478 208146834
n 270726094 300272886 747518665
n 758727308 84571391 300272886
n 134326982 765620762 88391404
i 105329151 2 -96 43
e 182948845 29
c 765620762
n 873925602 84571391 58763172
i 96793987 6 -14 1 98 66 70 -29
e 450929622 43
m 80672796 645671561 165839650
c 16211462
e 953581499 68
m 586449557 208146834 211810498
i 242659940 6 -88 -10 46 -47 87 -32
c 16211462
i 873925602 9 -98 -74 69 -47 74 -9 61 67 -18
c 717797869
p 609474840
p 777350004
r 29777256 7 13 -33 25 31 38 55 -82
n 645671561 16211462 96793987
r 539035967 2 38 -7
p 88391404
r 389864469 2 77 -100
n 952607913 677697533 971830946
u 729641203 151944683 763792116
n 44215505 48627728 199047022
n 165518614 616061120 12549857
p 102360432
m 368794510 952607913 35434104
r 278197648 10 -66 -25 6 21 54 -84 -43 13 79 0
c 298923473
p 616061120
i 175781331 2 18 -37
m 48627728 78512721 145135406
e 512570013 25
e 182948845 91
n 96793987 165839650 847140664
p 366430393
u 145135406 108616837 880435423
e 224020323 -68
e 303387258 -6
p 956697050
e 138665777 5
r 224020323 9 -23 84 -13 89 73 76 89 -74 67
p 98593735
r 175781331 8 -93 -85 53 17 -45 -17 -83 -57
n 228583120 971830946 78201478
n 138665777 525540564 547458006
i 389864469 5 91 -50 85 -99 66
n 182948845 205457816 719278365
e 278197648 85
u 182948845 300272886 138031792
u 508790136 575888651 228583120
i 195895850 7 -41 44 -71 24 -67 -52 7
c 199047022
m 303087392 953581499 368794510
u 789572403 78201478 719278365
m 162358973 777350004 165518614
p 48627728
m 956697050 407114470 242659940
c 971830946
c 63873198
n 789572403 667156574 765620762
r 765620762 9 40 26 -99 -59 -17 -54 -1 -21 -51
i 134326982 8 -33 -88 60 -24 66 -13 -79 43
c 102360432
n 616061120 208146834 354709799
p 23037320
c 544778448
c 956697050
u 151944683 485272090 23037320
i 809428532 8 22 45 -70 43 -99 -47 43 57
n 225330287 906128170 719278365
n 616061120 125561590 366430393
r 717797869 2 31 -43
r 228583120 3 53 82 -53
r 586449557 10 3 91 16 -50 48 -63 88 -23 80 -6
m 224020323 104782131 847140664
p 609474840
r 717797869 3 -16 -51 -77
n 104782131 62659225 200024103
i 58763172 2 -99 -20
c 809428532
e 165518614 25
e 35434104 53
c 211810498
p 429453832
n 368794510 609474840 758727308
n 48627728 809428532 407114470
e 108616837 -12
m 228583120 586449557 35434104
c 872159716
i 789572403 5 12 35 51 26 42
m 195895850 151944683 270726094
p 602512567
u 303087392 96793987 181122172
c 165518614
p 602512567
n 200024103 190786372 250299150
u 294164224 165518614 645671561
r 758727308 6 49 18 -84 98 -44 -39
i 473579475 6 44 -48 81 94 31 39
p 616061120
u 78201478 512570013 439232929
r 575888651 7 99 88 14 54 -7 90 81
m 78512721 175781331 539035967
r 368794510 10 56 89 -19 41 34 27 -28 -66 -50 68
u 609474840 175781331 906128170
e 211810498 -64
e 616061120 -12
r 543882136 4 38 -12 21 89
m 680154504 96793987 134326982
i 844284022 9 -95 25 34 -37 -87 -2 94 57 54
i 758727308 5 -41 -86 3 62 -3
u 952607913 62659225 742456628
m 823276737 609474840 225330287
r 88391404 6 4 -68 -29 32 -25 99
r 190786372 4 -13 -49 48 44
c 63873198
m 78512721 680154504 586449557
r 175781331 10 -17 4 -90 19 78 34 -65 45 -57 -40
p 48627728
n 680154504 48627728 300272886
m 505522764 586449557 450929622
u 429453832 823276737 303387258
n 683974709 667156574 407114470
r 128057051 6 -2 5 -27 59 -80 22
u 23037320 543882136 78201478
c 35434104
u 200024103 104782131 512570013
c 165518614
i 429453832 6 -67 -97 -52 -10 -85 -45
u 104782131 872159716 680154504
e 125561590 90
e 366430393 74
p 680397708
m 847140664 758727308 512570013
i 23037320 5 -24 70 -46 -39 -95
u 680154504 278197648 224020323
c 727621899
e 303087392 68
r 473579475 10 -36 -53 15 -62 -57 -65 -11 -33 -94 -27
e 354709799 74
c 823276737
r 677697533 7 -99 55 77 -89 62 65 -90
c 200024103
n 115593374 526261948 789572403
p 758727308
u 777350004 242659940 439232929
c 826414663
m 906128170 270726094 58035165
r 208146834 6 66 93 72 72 -33 45
n 224020323 717797869 512570013
e 512570013 24
e 758727308 77
r 211810498 8 -17 -82 -65 -80 -62 38 6 -38
c 199047022
m 847140664 872159716 450929622
i 175781331 3 -57 -90 45
c 294164224
m 12549857 294164224 165839650
r 649263799 2 -75 -98
e 609474840 18
r 809428532 10 20 21 -28 83 -50 -97 89 3 55 -30
p 539035967
p 181122172
e 727621899 -71
p 485272090
p 181122172
e 354709799 24
i 586449557 2 -68 -73
i 151944683 4 80 -22 -36 -30
n 58035165 200024103 543882136
r 182948845 3 -60 -35 -81
e 525540564 -40
p 210149582
p 429453832
u 526261948 480778833 181122172
c 115593374
m 88391404 680154504 278197648
p 161154940
c 88391404
i 288223627 2 -3 -90
r 526261948 7 -88 57 -8 87 -27 96 -85
r 717797869 3 -61 -80 -52
p 228583120
e 96793987 -12
c 956697050
n 125561590 719278365 138031792
i 35434104 10 1 -14 -88 96 -10 52 22 -8 87 -16
i 575888651 4 -17 73 -50 33
e 128057051 77
m 208146834 906128170 48627728
i 108616837 10 38 -2 39 -69 67 -51 42 -96 51 -49
c 199047022
n 616061120 823276737 407114470
e 171718159 -91
e 300272886 66
u 225330287 78201478 182948845
p 84571391
i 250299150 5 -98 9 -13 -85 -21
e 763792116 93
p 58763172
e 96793987 -64
n 58035165 242659940 404896632
m 128057051 138031792 242659940
c 242659940
m 758727308 44215505 508790136
c 439232929
u 228583120 63873198 35434104
n 366430393 480778833 228583120
r 200024103 7 -43 4 -54 10 78 -66 -6
u 965840506 826414663 742456628
p 98593735
m 818341964 98593735 485272090
i 508790136 9 72 45 54 61 -40 61 -38 -94 55
u 873925602 758727308 505522764
p 200024103
n 128057051 23037320 138665777
r 873925602 9 -90 -86 85 49 7 65 25 -62 -47
p 115593374
n 742456628 389864469 303387258
c 368794510
n 190786372 719278365 404896632
c 505522764
e 225330287 -24
i 407114470 8 0 99 4 -76 99 -51 -71 -60
i 270726094 7 -61 83 92 98 -16 -45 16
r 826414663 1 -71
c 366430393
u 742456628 44215505 680154504
i 35434104 10 -86 89 -7 67 -1 86 -61 98 -90 -82
e 48627728 -41
r 586449557 4 28 -22 -2 -36
c 199047022
n 43777041 844284022 208146834
c 145135406
r 300272886 3 45 47 60
n 683974709 680397708 602512567
c 485272090
u 88391404 138665777 33720106
p 539035967
m 873925602 43777041 35434104
r 880435423 8 -59 -91 37 -8 91 -70 63 88
c 952937018
n 763792116 134326982 165518614
c 211810498
u 195895850 58035165 208146834
c 544778448
n 747518665 844284022 765620762
r 727621899 6 67 -23 15 4 92 29
r 88391404 2 46 -77
c 12549857
u 952607913 727621899 115593374
p 171718159
n 161154940 485272090 777350004
n 224020323 315819299 104782131
r 809428532 2 76 -50
p 171718159
i 303387258 3 -14 -8 54
c 175781331
e 288223627 -35
c 649263799
u 181122172 366430393 680154504
i 789572403 10 49 38 85 -18 47 -95 69 37 -87 -41
i 96793987 5 55 60 92 31 72
c 23037320
c 242659940
r 847140664 7 -80 -31 9 63 83 -91 -75
i 525540564 8 -48 -77 -60 -30 -12 -64 -49 81
m 171718159 225330287 108616837
i 224020323 2 99 45
e 366430393 -91
m 102360432 742456628 115593374
i 965840506 5 -37 87 21 72 71
r 539035967 4 -61 -90 -96 84
r 242659940 4 -78 45 84 74
p 182948845
n 818341964 134326982 228583120
m 956697050 953581499 98593735
e 228583120 52
n 128057051 404896632 171718159
u 407114470 84571391 208146834
c 429453832
p 873925602
c 512570013
u 777350004 789572403 389864469
u 971830946 225330287 729641203
e 649263799 -80
i 543882136 2 98 93
i 906128170 5 81 -11 -49 55 -43
c 270726094
r 480778833 6 -96 27 -36 -44 28 -40
r 125561590 10 -22 -4 46 -2 -37 10 -80 -25 28 66
p 288223627
u 971830946 16211462 729641203
r 151944683 10 -66 -23 -97 75 61 -6 57 -5 -79 80
m 789572403 115593374 727621899
e 298923473 -31
c 29009490
r 880435423 3 -89 -59 93
u 952937018 48627728 765620762
i 680397708 1 29
r 315819299 2 -84 57
m 298923473 44215505 952937018
i 789572403 3 73 81 42
i 485272090 5 24 -78 -42 31 48
p 62659225
c 138031792
n 544778448 63873198 224020323
m 102360432 208146834 182948845
u 789572403 616061120 161154940
i 818341964 7 34 -61 -11 -85 66 67 50
u 278197648 683974709 512570013
c 29777256
u 873925602 952607913 270726094
r 48627728 7 54 13 -42 95 -65 76 -2
c 789572403
m 789572403 303387258 138665777
i 242659940 10 59 38 -8 -67 -52 13 -14 -44 83 75
n 763792116 971830946 508790136
e 450929622 43
u 727621899 873925602 35434104
m 680397708 125561590 200024103
c 823276737
p 298923473
n 872159716 96793987 429453832
p 952607913
c 602512567
c 63873198
m 29009490 953581499 880435423
c 575888651
e 680397708 -21
p 182255337
u 108616837 512570013 667156574
m 303387258 407114470 586449557
e 717797869 -34
u 29009490 952937018 115593374
c 505522764
u 505522764 450929622 544778448
i 225330287 2 13 -40
m 315819299 539035967 78512721
i 16211462 10 56 -57 -26 -55 -54 -40 -69 72 -86 87
u 199047022 616061120 544778448
e 211810498 58
r 115593374 6 -81 15 72 22 -2 -5
r 680154504 2 -96 100
e 677697533 52
r 526261948 7 40 -65 -82 96 -80 -90 7
n 182255337 602512567 108616837
n 315819299 880435423 544778448
p 182948845
r 102360432 7 -40 -78 -10 36 -62 -43 91
r 162358973 6 -40 -77 16 -93 -72 -16
u 512570013 138031792 525540564
r 844284022 3 -20 -81 -87
p 952607913
m 208146834 543882136 108616837
n 23037320 844284022 96793987
u 128057051 182255337 145135406
n 747518665 125561590 134326982
c 363133010
c 48627728
r 575888651 8 -36 -48 6 -87 22 -57 -2 53
i 952937018 8 77 -47 73 2 93 4 -29 71
i 105329151 4 -92 18 52 -75
c 952607913
m 429453832 78512721 873925602
r 200024103 1 54
n 108616837 224020323 80672796
c 200024103
u 880435423 575888651 525540564
n 303387258 165518614 407114470
n 78201478 747518665 250299150
c 956697050
m 616061120 138665777 195895850
i 508790136 2 -89 24
u 809428532 48627728 125561590
c 58763172
e 363133010 -86
u 543882136 182255337 729641203
n 288223627 667156574 439232929
u 818341964 505522764 58763172
p 952607913
e 102360432 30
p 953581499
p 98593735
c 645671561
c 62659225
n 404896632 758727308 35434104
n 906128170 315819299 250299150
m 609474840 526261948 315819299
p 872159716
n 505522764 138031792 128057051
i 450929622 4 54 -95 -64 78
c 508790136
r 138031792 8 -8 3 -55 67 65 67 -12 -94
e 729641203 -85
n 35434104 138031792 747518665
i 616061120 10 76 -61 -59 -28 -7 -79 15 10 55 -13
c 43777041
m 195895850 366430393 35434104
n 211810498 96412030 602512567
i 602512567 5 -95 -15 -50 30 95
n 145135406 645671561 363133010
u 182255337 368794510 151944683
m 171718159 450929622 809428532
c 880435423
e 44215505 -97
i 880435423 7 33 -76 -7 -13 6 -63 -66
r 719278365 4 -56 -4 -91 74
i 78512721 7 3 -53 74 83 43 58 -34
i 162358973 5 -85 -77 10 -17 80
e 616061120 -13
i 78512721 7 -63 43 33 21 -56 -27 76
u 205457816 953581499 58763172
m 44215505 667156574 789572403
e 63873198 -40
p 303387258
i 104782131 8 57 63 6 47 -66 -92 23 -75
n 315819299 128057051 544778448
e 58763172 -92
c 847140664
i 952937018 5 42 84 -99 -74 30
r 102360432 3 -20 -74 -38
n 165839650 288223627 809428532
m 908266758 777350004 906128170
m 544778448 485272090 818341964
e 539035967 40
m 765620762 971830946 953581499
n 205457816 96412030 609474840
c 873925602
e 138665777 -9
p 182948845
u 303087392 200024103 224020323
i 508790136 6 -99 -42 89 -21 61 -10
n 288223627 539035967 190786372
c 250299150
p 44215505
i 98593735 1 38
e 98593735 84
r 389864469 2 -49 82
i 98593735 2 -61 -69
r 294164224 6 98 49 -68 -40 18 -45
m 205457816 404896632 128057051
e 138665777 -71
p 512570013
i 512570013 5 -75 -84 -84 -74 83
c 62659225
i 586449557 1 -14
c 602512567
m 880435423 680397708 242659940
n 818341964 429453832 199047022
e 63873198 58
c 96793987
r 211810498 7 -37 10 28 -4 -45 -70 -11
p 717797869
m 609474840 727621899 98593735
e 190786372 -51
u 586449557 29009490 182255337
u 138031792 104782131 880435423
e 683974709 -46
u 366430393 719278365 727621899
u 96412030 44215505 525540564
u 818341964 105329151 543882136
e 182948845 -53
i 645671561 7 -24 54 40 59 53 -99 49
c 298923473
e 29009490 62
i 58035165 4 -29 -27 -50 80
c 205457816
n 789572403 363133010 645671561
r 115593374 6 74 -58 -2 28 -41 90
i 102360432 4 56 76 -96 -31
u 526261948 368794510 818341964
c 102360432
i 649263799 10 84 -70 17 -68 98 -69 15 62 2 86
c 823276737
m 29777256 717797869 98593735
r 586449557 9 78 -41 -12 37 -100 -63 -73 -49 -49
r 63873198 9 49 73 -73 97 71 -40 29 19 82
n 729641203 181122172 128057051
e 58763172 90
m 303087392 680397708 78512721
i 680154504 8 -19 -94 17 37 34 34 6 5
u 35434104 270726094 80672796
p 508790136
r 480778833 2 2 32
u 300272886 33720106 278197648
n 62659225 43777041 250299150
i 171718159 8 30 44 4 -81 89 98 -2 87
p 175781331
n 115593374 88391404 872159716
i 823276737 6 11 23 19 -48 -36 -64
n 547458006 368794510 288223627
e 616061120 -13
p 616061120
n 363133010 763792116 224020323
m 729641203 953581499 181122172
c 407114470
i 763792116 3 -10 -35 -53
n 63873198 717797869 80672796
n 88391404 956697050 818341964
u 727621899 108616837 683974709
c 102360432
n 847140664 649263799 758727308
u 508790136 200024103 971830946
c 539035967
i 965840506 7 17 -32 33 53 -54 14 -17
r 480778833 3 86 -25 -67
r 526261948 3 -86 79 12
r 270726094 1 17
m 363133010 228583120 35434104
u 508790136 181122172 16211462
c 407114470
i 58035165 6 18 80 51 1 -95 -76
i 165518614 2 59 89
m 906128170 195895850 777350004
r 649263799 4 54 -99 40 -84
p 872159716
m 35434104 758727308 115593374
c 96412030
r 677697533 3 50 -72 -62
i 719278365 4 72 74 92 -27
p 429453832
i 526261948 10 -38 -31 -63 92 -20 -28 52 24 89 -3
r 270726094 2 -8 -96
p 742456628
u 575888651 952937018 29009490
u 171718159 43777041 58035165
p 873925602
u 102360432 789572403 480778833
m 505522764 544778448 729641203
r 649263799 10 -6 -8 -60 -79 -12 69 58 59 -47 -2
r 315819299 9 -71 80 -74 -15 17 85 92 -95 -95
c 195895850
i 729641203 10 -28 39 89 95 85 89 35 -46 58 63
e 205457816 94
m 439232929 485272090 315819299
u 485272090 952607913 717797869
p 719278365
m 58035165 12549857 138031792
u 250299150 809428532 205457816
m 873925602 294164224 58763172
r 729641203 2 5 38
p 162358973
i 450929622 1 49
p 63873198
e 952607913 -56
n 23037320 43777041 151944683
r 182948845 2 -95 89
u 33720106 872159716 649263799
u 953581499 956697050 719278365
m 747518665 12549857 78512721
m 602512567 680397708 162358973
i 182948845 9 -48 -97 98 -12 53 -86 -58 52 4
m 171718159 508790136 952937018
r 450929622 7 40 -17 71 -17 19 -35 -23
u 190786372 171718159 134326982
e 763792116 -53
e 956697050 -18
i 971830946 3 99 -26 -49
p 88391404
u 826414663 29777256 747518665
i 88391404 1 -65
c 717797869
m 450929622 354709799 98593735
c 145135406
e 228583120 -98
u 480778833 104782131 505522764
i 539035967 4 -68 -20 -11 54
p 758727308
n 544778448 44215505 190786372
i 485272090 8 69 35 45 24 44 43 -77 23
u 429453832 363133010 809428532
e 151944683 41
m 586449557 62659225 80672796
u 270726094 78512721 354709799
e 88391404 -65
e 366430393 96
i 165839650 1 73
r 303387258 3 -34 55 -21
p 80672796
m 758727308 225330287 727621899
p 29009490
u 953581499 965840506 128057051
u 677697533 485272090 505522764
u 205457816 952937018 44215505
m 23037320 525540564 303387258
u 526261948 847140664 747518665
e 23037320 -60
c 105329151
r 575888651 7 -74 -1 -77 -51 -38 -65 32
r 480778833 8 -99 -39 -61 41 -38 -24 68 12
r 649263799 1 33
n 645671561 190786372 288223627
e 138665777 -35
u 205457816 609474840 429453832
r 575888651 6 8 11 -12 49 -46 22
p 138031792
c 680154504
c 667156574
e 224020323 99
i 952937018 5 99 96 84 -84 -67
n 717797869 526261948 789572403
n 366430393 952607913 63873198
p 138031792
u 98593735 48627728 182948845
e 242659940 -33
n 303087392 906128170 161154940
u 844284022 175781331 407114470
c 298923473
n 84571391 727621899 300272886
c 224020323
n 547458006 758727308 300272886
p 315819299
m 12549857 62659225 98593735
n 224020323 303087392 747518665
r 200024103 8 33 -45 25 -47 69 -92 95 -38
c 547458006
e 952937018 -74
u 43777041 439232929 171718159
i 303087392 9 -61 31 -3 73 4 -3 -63 18 42
n 354709799 439232929 525540564
e 182948845 5
e 78512721 74
r 225330287 10 38 -25 -27 54 57 57 46 20 67 18
e 165518614 74
m 200024103 134326982 16211462
e 300272886 77
p 908266758
e 789572403 1
r 823276737 6 -89 -38 -32 48 -48 41
c 44215505
e 763792116 -19
u 729641203 742456628 48627728
r 208146834 8 -51 70 -3 97 23 -78 72 55
n 952607913 181122172 208146834
c 96793987
c 908266758
i 303087392 2 -69 98
e 575888651 73
c 953581499
i 765620762 9 65 -24 -83 78 -72 76 -58 -58 83
n 609474840 125561590 205457816
i 16211462 5 25 77 99 -36 74
u 35434104 680154504 616061120
r 609474840 3 -15 -35 -95
m 224020323 368794510 480778833
n 616061120 199047022 609474840
u 58035165 165518614 228583120
r 16211462 9 -67 -75 -37 23 -71 8 -51 67 80
e 826414663 70
n 906128170 683974709 88391404
n 102360432 199047022 303387258
r 777350004 6 72 56 -14 100 89 -24
n 29009490 165839650 368794510
n 818341964 404896632 965840506
m 872159716 789572403 98593735
i 29777256 10 -64 65 -16 83 -67 -64 55 7 -30 39
p 128057051
m 108616837 680154504 102360432
c 818341964
i 847140664 6 55 -10 0 39 58 60
r 789572403 8 87 78 92 -52 89 -95 -90 -95
r 29777256 10 64 46 80 78 10 47 -57 -95 -14 51
r 818341964 10 -19 72 83 36 27 -22 23 -44 39 -32
r 818341964 3 90 89 69
e 250299150 -48
u 228583120 765620762 200024103
e 680397708 56
m 818341964 182255337 165839650
n 294164224 44215505 288223627
p 609474840
m 407114470 680154504 727621899
u 182948845 880435423 809428532
p 300272886
i 80672796 3 -66 -84 65
m 63873198 182255337 602512567
m 777350004 62659225 729641203
m 680154504 88391404 165839650
i 508790136 1 41
u 508790136 667156574 616061120
p 128057051
e 680154504 -65
u 906128170 602512567 208146834
m 62659225 906128170 389864469
p 23037320
r 134326982 10 -9 71 14 27 98 -70 -1 -2 -4 70
e 224020323 -25
p 125561590
e 195895850 -56
u 205457816 544778448 294164224
u 62659225 303387258 29009490
i 162358973 10 -1 -19 72 11 64 98 23 -39 14 -71
i 965840506 6 93 85 -95 -56 -47 86
r 199047022 3 25 -91 -79
i 138031792 9 39 17 4 -91 99 17 -1 -69 -53
i 742456628 1 -57
m 12549857 680397708 908266758
u 450929622 98593735 407114470
r 526261948 10 -25 -98 -55 -77 -65 0 -97 -63 30 -45
e 758727308 -23
r 526261948 5 29 -16 -5 -70 70
n 742456628 404896632 165839650
p 298923473
i 789572403 4 -24 -6 88 41
c 809428532
c 84571391
c 742456628
p 43777041
e 228583120 -58
m 105329151 508790136 102360432
r 763792116 10 66 -13 28 -18 5 -68 40 -27 -16 50
r 742456628 6 52 -56 -49 64 -16 24
e 162358973 51
m 190786372 96793987 250299150
i 952937018 5 -32 19 33 -24 -40
e 547458006 -49
i 181122172 6 44 55 -61 77 35 7
r 758727308 8 -63 -74 99 41 -53 4 70 -75
n 575888651 880435423 719278365
u 225330287 171718159 138031792
p 80672796
n 58035165 96412030 165518614
p 288223627
n 717797869 404896632 210149582
c 844284022
i 242659940 5 -88 21 25 -90 -42
p 200024103
c 63873198
r 205457816 4 100 -50 9 40
u 906128170 175781331 818341964
i 649263799 8 -12 81 -65 91 -41 27 32 100
u 80672796 315819299 33720106
r 288223627 7 50 -64 100 -39 10 56 32
u 205457816 98593735 165518614
m 575888651 161154940 872159716
r 182948845 9 37 2 99 -62 99 81 45 -88 67
p 182255337
c 823276737
p 729641203
u 303387258 108616837 525540564
c 96793987
p 84571391
i 195895850 6 -24 78 -13 -4 38 -44
i 105329151 6 28 -21 36 11 -12 -93
r 407114470 1 -29
p 58035165
u 294164224 58035165 952607913
n 300272886 758727308 62659225
p 250299150
u 616061120 182948845 12549857
r 547458006 8 53 63 -30 64 -5 38 39 -9
m 199047022 208146834 23037320
c 88391404
i 151944683 3 -17 -25 22
c 543882136
c 366430393
u 389864469 58763172 429453832
n 182948845 717797869 965840506
i 96793987 6 61 39 10 24 -95 54
p 543882136
n 880435423 199047022 108616837
e 78201478 -98
i 952937018 8 78 -94 88 46 -25 -7 20 -98
r 44215505 1 54
c 485272090
p 965840506
e 210149582 -11
u 729641203 777350004 683974709
r 134326982 10 4 -97 -15 -53 1 82 -60 52 -59 -25
i 78201478 9 -46 77 -28 65 21 50 -76 65 18
e 908266758 -92
m 429453832 526261948 165839650
e 952937018 84
r 181122172 8 47 84 -17 -83 -30 -52 -38 94
i 880435423 6 -8 -67 64 51 -48 -99
i 145135406 8 44 95 -62 -54 -61 -66 -55 -95
n 747518665 29009490 847140664
e 138031792 63
u 609474840 108616837 225330287
p 16211462
c 115593374
p 225330287
n 873925602 450929622 128057051
n 505522764 88391404 953581499
r 33720106 3 40 -97 30
n 205457816 809428532 29777256
m 165839650 43777041 389864469
p 105329151
r 29777256 3 20 0 59
u 125561590 677697533 102360432
p 508790136
i 354709799 5 30 30 -8 51 45
c 765620762
n 171718159 539035967 211810498
n 303087392 480778833 872159716
r 270726094 6 -43 25 -77 94 17 -59
m 727621899 225330287 758727308
n 224020323 717797869 125561590
m 104782131 363133010 138665777
m 33720106 439232929 58763172
u 29009490 719278365 138665777
n 98593735 78512721 205457816
m 525540564 58763172 58763172
n 729641203 278197648 873925602
c 363133010
c 717797869
n 956697050 823276737 96412030
c 616061120
m 115593374 789572403 165839650
r 190786372 4 85 -20 22 -93
p 225330287
e 228583120 -82
c 98593735
u 602512567 450929622 200024103
u 677697533 29777256 971830946
u 389864469 225330287 105329151
n 35434104 108616837 872159716
r 165518614 10 -71 50 94 69 -19 -46 85 5 -31 87
p 208146834
m 205457816 16211462 181122172
r 952607913 7 -94 -75 -35 -40 85 16 41
n 575888651 450929622 315819299
m 181122172 953581499 473579475
u 407114470 747518665 544778448
n 952937018 134326982 78512721
c 683974709
u 298923473 88391404 105329151
c 485272090
e 294164224 59
p 182255337
i 809428532 8 -30 -21 47 73 96 96 39 100
u 175781331 680154504 125561590
p 43777041
r 88391404 10 1 36 -85 -33 27 -93 -77 75 81 -21
e 575888651 57
p 96412030
c 763792116
m 473579475 971830946 818341964
i 965840506 3 62 -97 -8
i 873925602 7 49 -34 -35 85 91 -23 -28
i 952937018 1 86
u 525540564 544778448 134326982
i 512570013 10 47 70 3 -60 3 -75 -62 -62 42 11
n 171718159 956697050 727621899
n 680397708 288223627 525540564
e 138031792 -69
m 485272090 29777256 43777041
p 162358973
c 952607913
p 225330287
r 58763172 7 -52 61 -20 96 -41 -86 -74
i 294164224 6 -24 4 25 -64 -27 41
p 58035165
r 906128170 10 -15 25 2 87 -85 0 -87 66 -83 55
m 44215505 354709799 429453832
c 80672796
n 105329151 211810498 44215505
i 826414663 6 89 -4 40 -53 7 -46
e 205457816 -76
c 526261948
p 225330287
m 586449557 480778833 78201478
n 211810498 677697533 765620762
m 971830946 78201478 763792116
e 508790136 -90
i 719278365 4 -60 -65 58 81
m 78201478 208146834 182948845
n 23037320 758727308 288223627
n 818341964 763792116 543882136
r 971830946 1 -15
e 543882136 88
m 407114470 108616837 224020323
c 199047022
r 58035165 10 -31 -20 -50 -58 -50 19 36 84 0 -68
m 205457816 182948845 288223627
i 138031792 10 40 -66 -90 15 64 97 60 67 72 -16
c 162358973
e 199047022 -27
c 818341964
n 826414663 303387258 667156574
p 270726094
n 225330287 680397708 873925602
p 294164224
r 429453832 1 -5
c 575888651
c 480778833
u 789572403 765620762 205457816
n 278197648 105329151 181122172
e 175781331 -42
n 294164224 115593374 199047022
i 315819299 6 9 -37 -33 -8 90 -52
p 104782131
p 649263799
n 250299150 586449557 953581499
e 525540564 -33
e 181122172 -17
i 586449557 7 29 -55 73 -1 95 13 -58
n 138665777 162358973 78512721
p 84571391
m 294164224 200024103 953581499
i 200024103 5 58 1 64 76 89
c 844284022
p 125561590
i 270726094 1 -37
m 115593374 439232929 165518614
c 58763172
c 480778833
n 971830946 363133010 300272886
c 512570013
c 354709799
n 138031792 908266758 88391404
e 80672796 48
c 303387258
n 908266758 480778833 88391404
r 404896632 9 -75 -93 75 -9 37 -20 22 -27 76
i 29777256 3 -13 50 12
u 88391404 33720106 161154940
i 354709799 6 -78 -90 91 -91 -100 -83
p 680397708
e 758727308 -64
r 190786372 5 48 77 -82 -60 -33
n 58763172 23037320 165839650
p 765620762
e 242659940 -67
n 366430393 294164224 96793987
n 543882136 102360432 288223627
n 195895850 145135406 298923473
i 508790136 4 10 -46 -33 11
e 125561590 -6
c 96793987
r 677697533 1 -95
c 965840506
c 195895850
r 134326982 3 17 55 42
c 616061120
r 224020323 1 98
n 182255337 278197648 98593735
c 680154504
n 826414663 609474840 747518665
c 880435423
c 727621899
i 300272886 9 30 64 10 27 -77 46 74 85 33
r 526261948 10 -88 -21 58 -31 -25 68 -6 41 -88 66
e 138031792 53
r 354709799 4 9 6 -93 -55
n 35434104 125561590 242659940
n 250299150 717797869 29777256
c 134326982
n 228583120 952937018 78512721
c 151944683
p 965840506
n 195895850 505522764 956697050
m 23037320 62659225 505522764
u 407114470 12549857 145135406
u 182948845 971830946 680397708
e 102360432 -63
c 225330287
u 58763172 182255337 43777041
m 508790136 43777041 96412030
m 389864469 512570013 480778833
e 525540564 -24
p 102360432
e 508790136 -20
n 115593374 210149582 151944683
r 543882136 7 -53 -98 -57 -18 77 -28 -66
r 818341964 3 -6 98 -53
n 224020323 98593735 844284022
m 758727308 429453832 35434104
m 965840506 165518614 512570013
i 965840506 9 29 49 33 -36 59 35 64 -86 74
e 354709799 -100
c 777350004
c 389864469
i 971830946 9 31 -89 100 95 -26 -15 -13 -89 -35
c 363133010
p 818341964
n 62659225 128057051 729641203
m 98593735 680397708 80672796
e 429453832 -29
i 298923473 1 11
i 211810498 4 70 43 75 -86
p 199047022
u 667156574 485272090 16211462
e 363133010 -35
n 429453832 211810498 200024103
i 270726094 2 57 24
m 58035165 847140664 315819299
p 288223627
m 717797869 294164224 763792116
i 161154940 1 61
n 62659225 872159716 952607913
i 224020323 8 -57 40 -60 -80 2 16 -5 -25
r 765620762 9 -98 1 -12 -64 -46 9 -62 -53 -44
i 29777256 1 59
m 125561590 765620762 138031792
r 742456628 3 43 -49 35
n 270726094 62659225 450929622
r 288223627 4 -93 -22 -93 93
p 33720106
c 138665777
e 649263799 -90
m 616061120 683974709 84571391
e 683974709 64
e 211810498 70
p 84571391
p 128057051
p 208146834
m 96793987 105329151 205457816
p 826414663
n 719278365 505522764 965840506
c 29009490
n 747518665 199047022 315819299
i 138031792 9 -78 -42 -98 38 -44 -20 -38 6 -90
m 182948845 23037320 151944683
n 250299150 952937018 439232929
n 480778833 880435423 199047022
m 23037320 717797869 315819299
u 294164224 182948845 667156574
m 211810498 727621899 151944683
p 602512567
n 29777256 473579475 35434104
p 680397708
m 544778448 270726094 128057051
n 29777256 278197648 98593735
r 677697533 1 -51
e 29777256 71
u 880435423 78201478 368794510
r 809428532 6 -34 -74 87 -99 -59 -55
c 88391404
c 128057051
i 161154940 2 -88 44
m 303087392 809428532 58035165
u 965840506 134326982 758727308
p 602512567
m 826414663 108616837 368794510
i 547458006 9 -65 -17 -35 89 80 29 -77 95 61
e 35434104 -42
m 62659225 145135406 35434104
c 44215505
i 809428532 8 -79 -98 -5 18 -46 30 -57 -60
m 228583120 105329151 366430393
r 208146834 1 83
i 105329151 3 70 43 -38
m 138031792 844284022 294164224
n 765620762 508790136 88391404
c 182948845
u 175781331 242659940 80672796
c 512570013
i 747518665 2 75 -30
p 242659940
r 818341964 9 38 -18 68 -18 80 18 36 -1 -51
e 450929622 34
u 300272886 23037320 225330287
u 971830946 847140664 138031792
u 404896632 115593374 298923473
e 609474840 -86
r 208146834 3 -48 5 57
p 616061120
p 298923473
m 586449557 763792116 717797869
e 539035967 -68
i 138665777 5 91 -32 -56 -16 -96
i 667156574 2 59 94
i 96793987 6 63 35 -15 45 -83 21
p 952937018
u 58035165 956697050 182948845
e 826414663 46
i 23037320 5 -56 -26 40 93 -17
m 789572403 98593735 80672796
u 547458006 138031792 747518665
n 98593735 80672796 844284022
m 363133010 200024103 29009490
m 965840506 199047022 609474840
i 165839650 2 31 -41
r 200024103 8 -69 -43 -55 -17 3 95 -28 10
c 199047022
e 62659225 36
n 758727308 145135406 98593735
u 763792116 105329151 809428532
p 205457816
c 873925602
e 508790136 -54
u 250299150 211810498 354709799
m 294164224 809428532 439232929
m 873925602 649263799 300272886
n 680397708 525540564 763792116
r 389864469 3 -52 -79 -63
r 616061120 2 -18 44
c 29777256
m 12549857 908266758 906128170
p 809428532
p 526261948
c 429453832
e 952607913 -73
c 151944683
e 162358973 -15
p 480778833
c 586449557
m 747518665 165839650 368794510
n 182948845 138665777 165839650
r 48627728 4 17 13 -33 49
m 294164224 908266758 63873198
m 298923473 128057051 747518665
n 33720106 78201478 872159716
m 58763172 211810498 818341964
c 190786372
n 242659940 78201478 765620762
c 242659940
e 105329151 -38
n 407114470 108616837 777350004
n 294164224 128057051 195895850
u 199047022 505522764 727621899
p 729641203
m 645671561 303387258 105329151
m 200024103 63873198 225330287
e 128057051 12
n 48627728 742456628 88391404
c 727621899
c 96412030
p 175781331
u 717797869 161154940 873925602
i 44215505 2 52 -36
p 199047022
e 823276737 -16
r 242659940 6 -100 -59 47 -69 51 -7
u 96793987 354709799 165518614
u 33720106 58763172 48627728
c 162358973
u 161154940 211810498 717797869
u 105329151 29009490 300272886
i 872159716 5 51 72 6 39 -34
u 873925602 315819299 847140664
m 512570013 354709799 175781331
p 228583120
m 742456628 667156574 35434104
m 680397708 195895850 747518665
r 826414663 8 -86 -84 88 -20 62 -10 50 94
u 765620762 880435423 88391404
i 539035967 2 -63 -9
n 171718159 602512567 165518614
p 145135406
e 763792116 73
u 161154940 965840506 62659225
e 29009490 63
r 128057051 5 -36 4 -33 -98 89
e 616061120 -44
u 485272090 105329151 429453832
u 298923473 508790136 115593374
i 16211462 4 -97 -48 -69 43
u 35434104 175781331 161154940
m 609474840 210149582 645671561
c 526261948
r 12549857 2 -76 58
c 104782131
p 777350004
u 667156574 182948845 789572403
c 818341964
c 719278365
p 43777041
p 575888651
u 33720106 789572403 105329151
i 480778833 1 -62
n 44215505 586449557 729641203
u 278197648 404896632 58763172
i 575888651 7 38 100 -45 -86 -93 40 40
r 303387258 6 98 -42 19 -13 7 -26
u 480778833 303387258 826414663
n 956697050 765620762 228583120
m 16211462 363133010 512570013
e 294164224 12
p 315819299
i 616061120 1 -90
c 965840506
p 225330287
p 134326982
m 512570013 270726094 224020323
i 366430393 6 42 -68 -89 -94 22 -12
e 952607913 -77
u 525540564 43777041 224020323
p 88391404
r 182255337 5 -8 -40 -34 43 99
r 872159716 9 83 -19 -8 78 -71 -72 79 -100 -65
n 84571391 539035967 128057051
c 303387258
r 873925602 3 77 10 -26
r 88391404 5 52 85 4 50 -60
e 303087392 73
m 429453832 161154940 88391404
r 439232929 1 -40
i 58763172 4 0 -85 -69 -5
n 956697050 616061120 63873198
r 680397708 6 -85 -18 56 16 37 69
e 575888651 -84
u 58763172 182255337 719278365
u 303087392 544778448 354709799
r 872159716 7 -92 96 87 40 69 80 96
n 58035165 407114470 288223627
r 104782131 10 39 -60 83 -61 99 92 -84 13 -96 -15
r 151944683 4 91 -29 1 71
i 872159716 8 74 -68 -62 -58 83 -17 46 -42
r 480778833 6 -94 44 89 47 -79 -34
n 547458006 190786372 128057051
i 847140664 1 84
e 58035165 -69
r 182948845 8 -13 -74 -36 59 98 -86 89 -70
r 450929622 6 70 40 25 61 -43 -84
c 108616837
c 544778448
i 609474840 4 91 87 -94 -3
i 965840506 1 60
i 105329151 9 80 47 -55 -59 79 32 -69 87 81
e 205457816 -70
e 586449557 40
p 208146834
p 84571391
i 667156574 6 77 20 -41 -30 -61 -81
p 763792116
r 182255337 3 -10 -52 -33
i 88391404 4 95 -26 -77 -91
r 575888651 10 71 43 -13 -5 40 4 -84 -8 2 -67
i 363133010 4 31 -26 -78 -34
u 80672796 763792116 78512721
r 677697533 6 18 68 96 -93 -19 -35
c 162358973
u 29777256 270726094 165518614
n 78512721 407114470 29009490
r 971830946 10 -43 -42 59 57 -38 8 51 -36 72 -91
p 125561590
e 104782131 -73
n 96793987 171718159 823276737
p 368794510
p 765620762
c 175781331
m 165839650 63873198 389864469
i 363133010 1 -54
e 429453832 -61
c 104782131
i 205457816 5 -28 -51 29 -14 -42
e 33720106 43
u 298923473 616061120 205457816
u 190786372 667156574 956697050
i 505522764 2 55 -33
r 205457816 2 61 96
u 224020323 473579475 809428532
i 818341964 6 54 -88 -18 14 -81 31
i 908266758 6 71 57 -76 31 -47 -66
i 547458006 2 -7 32
m 115593374 200024103 181122172
i 953581499 8 76 -36 99 -57 73 -32 17 -55
p 953581499
m 190786372 965840506 175781331
e 956697050 -41
c 98593735
r 680397708 4 20 -85 50 -56
i 102360432 10 81 93 30 -10 16 91 70 -91 73 -17
m 727621899 368794510 78512721
p 195895850
e 908266758 -47
i 43777041 7 88 -58 -67 83 -46 -27 -35
c 906128170
r 224020323 9 29 73 -99 -41 73 -6 22 -32 18
i 171718159 4 26 47 82 -83
r 211810498 4 34 64 -10 68
e 505522764 -17
r 315819299 4 -7 2 10 99
n 906128170 190786372 288223627
p 199047022
e 742456628 -57
c 953581499
m 84571391 971830946 96793987
i 162358973 2 24 -96
u 78201478 680397708 363133010
m 873925602 609474840 727621899
c 29777256
p 294164224
i 880435423 9 66 -60 -91 -20 61 -54 25 -55 7
p 195895850
r 526261948 1 -27
r 288223627 9 -10 21 -71 -18 -13 -87 -10 -56 28
e 108616837 -29
u 58035165 677697533 162358973
u 102360432 880435423 161154940
i 250299150 3 24 -58 86
r 224020323 9 83 23 -48 -35 26 -20 89 73 82
p 303087392
r 78201478 7 -77 -21 22 -63 -70 -60 14
r 847140664 4 76 86 -32 79
n 505522764 48627728 225330287
r 300272886 5 -84 -54 -79 -11 -10
u 242659940 747518665 62659225
c 439232929
n 404896632 88391404 809428532
p 128057051
r 616061120 2 26 45
m 96412030 906128170 485272090
n 78512721 844284022 190786372
e 171718159 25
e 407114470 -64
n 162358973 80672796 366430393
u 128057051 765620762 525540564
n 508790136 80672796 789572403
r 315819299 5 29 -87 -100 -60 -100
p 823276737
t
